LedgerID,CompanyID,LedgerName,GroupID,OpeningBalance,ClosingBalance,IsActive,CreatedDate,LastModifiedDate
LED-0001,COMP-0001,Capital Account,GRP-0001_COMP-0001,0,,TRUE,2024-01-01,2024-05-01
LED-0002,COMP-0001,Bank of India,GRP-0002_COMP-0001,0,,TRUE,2024-01-01,2024-05-01
LED-0003,COMP-0001,HDFC Bank,GRP-0002_COMP-0001,0,,TRUE,2024-01-01,2024-05-01
LED-0004,COMP-0001,Cash,GRP-0003_COMP-0001,0,,TRUE,2024-01-01,2024-05-01
LED-0005,COMP-0001,Sales Account,GRP-0004_COMP-0001,0,,TRUE,2024-01-01,2024-05-01
LED-0006,COMP-0001,Purchase Account,GRP-0005_COMP-0001,0,,TRUE,2024-01-01,2024-05-01
LED-0007,COMP-0001,Salary,GRP-0006_COMP-0001,0,,TRUE,2024-01-01,2024-05-01
LED-0008,COMP-0001,Rent,GRP-0006_COMP-0001,0,,TRUE,2024-01-01,2024-05-01
LED-0009,COMP-0001,Telephone,GRP-0007_COMP-0001,0,,TRUE,2024-01-01,2024-05-01
LED-0010,COMP-0001,Insurance,GRP-0007_COMP-0001,0,,TRUE,2024-01-01,2024-05-01
LED-0011,COMP-0002,Capital Account,GRP-0001_COMP-0002,0,,TRUE,2024-01-01,2024-05-01
LED-0012,COMP-0002,Bank of India,GRP-0002_COMP-0002,50000,,TRUE,2024-01-01,2024-05-01
LED-0013,COMP-0002,HDFC Bank,GRP-0002_COMP-0002,0,,TRUE,2024-01-01,2024-05-01
LED-0014,COMP-0002,Cash,GRP-0003_COMP-0002,0,,TRUE,2024-01-01,2024-05-01
LED-0015,COMP-0002,Sales Account,GRP-0004_COMP-0002,0,,TRUE,2024-01-01,2024-05-01
LED-0016,COMP-0002,Purchase Account,GRP-0005_COMP-0002,0,,TRUE,2024-01-01,2024-05-01
LED-0017,COMP-0002,Salary,GRP-0006_COMP-0002,0,,TRUE,2024-01-01,2024-05-01
LED-0018,COMP-0002,Rent,GRP-0006_COMP-0002,0,,TRUE,2024-01-01,2024-05-01
LED-0019,COMP-0002,Telephone,GRP-0007_COMP-0002,0,,TRUE,2024-01-01,2024-05-01
LED-0020,COMP-0002,Insurance,GRP-0007_COMP-0002,0,,TRUE,2024-01-01,2024-05-01
LED-0021,COMP-0003,Capital Account,GRP-0001_COMP-0003,0,,TRUE,2024-01-01,2024-05-01
LED-0022,COMP-0003,Bank of India,GRP-0002_COMP-0003,0,,TRUE,2024-01-01,2024-05-01
LED-0023,COMP-0003,HDFC Bank,GRP-0002_COMP-0003,10000,,TRUE,2024-01-01,2024-05-01
LED-0024,COMP-0003,Cash,GRP-0003_COMP-0003,0,,TRUE,2024-01-01,2024-05-01
LED-0025,COMP-0003,Sales Account,GRP-0004_COMP-0003,0,,TRUE,2024-01-01,2024-05-01
LED-0026,COMP-0003,Purchase Account,GRP-0005_COMP-0003,0,,TRUE,2024-01-01,2024-05-01
LED-0027,COMP-0003,Salary,GRP-0006_COMP-0003,0,,TRUE,2024-01-01,2024-05-01
LED-0028,COMP-0003,Rent,GRP-0006_COMP-0003,0,,TRUE,2024-01-01,2024-05-01
LED-0029,COMP-0003,Telephone,GRP-0007_COMP-0003,0,,TRUE,2024-01-01,2024-05-01
LED-0030,COMP-0003,Insurance,GRP-0007_COMP-0003,0,,TRUE,2024-01-01,2024-05-01
LED-0031,COMP-0004,Capital Account,GRP-0001_COMP-0004,0,,TRUE,2024-01-01,2024-05-01
LED-0032,COMP-0004,Bank of India,GRP-0002_COMP-0004,10000,,TRUE,2024-01-01,2024-05-01
LED-0033,COMP-0004,HDFC Bank,GRP-0002_COMP-0004,0,,TRUE,2024-01-01,2024-05-01
LED-0034,COMP-0004,Cash,GRP-0003_COMP-0004,50000,,TRUE,2024-01-01,2024-05-01
LED-0035,COMP-0004,Sales Account,GRP-0004_COMP-0004,0,,TRUE,2024-01-01,2024-05-01
LED-0036,COMP-0004,Purchase Account,GRP-0005_COMP-0004,0,,TRUE,2024-01-01,2024-05-01
LED-0037,COMP-0004,Salary,GRP-0006_COMP-0004,0,,TRUE,2024-01-01,2024-05-01
LED-0038,COMP-0004,Rent,GRP-0006_COMP-0004,0,,TRUE,2024-01-01,2024-05-01
LED-0039,COMP-0004,Telephone,GRP-0007_COMP-0004,0,,TRUE,2024-01-01,2024-05-01
LED-0040,COMP-0004,Insurance,GRP-0007_COMP-0004,0,,TRUE,2024-01-01,2024-05-01
LED-0041,COMP-0005,Capital Account,GRP-0001_COMP-0005,0,,TRUE,2024-01-01,2024-05-01
LED-0042,COMP-0005,Bank of India,GRP-0002_COMP-0005,50000,,TRUE,2024-01-01,2024-05-01
LED-0043,COMP-0005,HDFC Bank,GRP-0002_COMP-0005,10000,,TRUE,2024-01-01,2024-05-01
LED-0044,COMP-0005,Cash,GRP-0003_COMP-0005,50000,,TRUE,2024-01-01,2024-05-01
LED-0045,COMP-0005,Sales Account,GRP-0004_COMP-0005,0,,TRUE,2024-01-01,2024-05-01
LED-0046,COMP-0005,Purchase Account,GRP-0005_COMP-0005,0,,TRUE,2024-01-01,2024-05-01
LED-0047,COMP-0005,Salary,GRP-0006_COMP-0005,0,,TRUE,2024-01-01,2024-05-01
LED-0048,COMP-0005,Rent,GRP-0006_COMP-0005,0,,TRUE,2024-01-01,2024-05-01
LED-0049,COMP-0005,Telephone,GRP-0007_COMP-0005,0,,TRUE,2024-01-01,2024-05-01
LED-0050,COMP-0005,Insurance,GRP-0007_COMP-0005,0,,TRUE,2024-01-01,2024-05-01
LED-0051,COMP-0006,Capital Account,GRP-0001_COMP-0006,0,,TRUE,2024-01-01,2024-05-01
LED-0052,COMP-0006,Bank of India,GRP-0002_COMP-0006,10000,,TRUE,2024-01-01,2024-05-01
LED-0053,COMP-0006,HDFC Bank,GRP-0002_COMP-0006,0,,TRUE,2024-01-01,2024-05-01
LED-0054,COMP-0006,Cash,GRP-0003_COMP-0006,50000,,TRUE,2024-01-01,2024-05-01
LED-0055,COMP-0006,Sales Account,GRP-0004_COMP-0006,0,,TRUE,2024-01-01,2024-05-01
LED-0056,COMP-0006,Purchase Account,GRP-0005_COMP-0006,0,,TRUE,2024-01-01,2024-05-01
LED-0057,COMP-0006,Salary,GRP-0006_COMP-0006,0,,TRUE,2024-01-01,2024-05-01
LED-0058,COMP-0006,Rent,GRP-0006_COMP-0006,0,,TRUE,2024-01-01,2024-05-01
LED-0059,COMP-0006,Telephone,GRP-0007_COMP-0006,0,,TRUE,2024-01-01,2024-05-01
LED-0060,COMP-0006,Insurance,GRP-0007_COMP-0006,0,,TRUE,2024-01-01,2024-05-01
LED-0061,COMP-0007,Capital Account,GRP-0001_COMP-0007,0,,TRUE,2024-01-01,2024-05-01
LED-0062,COMP-0007,Bank of India,GRP-0002_COMP-0007,50000,,TRUE,2024-01-01,2024-05-01
LED-0063,COMP-0007,HDFC Bank,GRP-0002_COMP-0007,50000,,TRUE,2024-01-01,2024-05-01
LED-0064,COMP-0007,Cash,GRP-0003_COMP-0007,0,,TRUE,2024-01-01,2024-05-01
LED-0065,COMP-0007,Sales Account,GRP-0004_COMP-0007,0,,TRUE,2024-01-01,2024-05-01
LED-0066,COMP-0007,Purchase Account,GRP-0005_COMP-0007,0,,TRUE,2024-01-01,2024-05-01
LED-0067,COMP-0007,Salary,GRP-0006_COMP-0007,0,,TRUE,2024-01-01,2024-05-01
LED-0068,COMP-0007,Rent,GRP-0006_COMP-0007,0,,TRUE,2024-01-01,2024-05-01
LED-0069,COMP-0007,Telephone,GRP-0007_COMP-0007,0,,TRUE,2024-01-01,2024-05-01
LED-0070,COMP-0007,Insurance,GRP-0007_COMP-0007,0,,TRUE,2024-01-01,2024-05-01
LED-0071,COMP-0008,Capital Account,GRP-0001_COMP-0008,0,,TRUE,2024-01-01,2024-05-01
LED-0072,COMP-0008,Bank of India,GRP-0002_COMP-0008,10000,,TRUE,2024-01-01,2024-05-01
LED-0073,COMP-0008,HDFC Bank,GRP-0002_COMP-0008,50000,,TRUE,2024-01-01,2024-05-01
LED-0074,COMP-0008,Cash,GRP-0003_COMP-0008,50000,,TRUE,2024-01-01,2024-05-01
LED-0075,COMP-0008,Sales Account,GRP-0004_COMP-0008,0,,TRUE,2024-01-01,2024-05-01
LED-0076,COMP-0008,Purchase Account,GRP-0005_COMP-0008,0,,TRUE,2024-01-01,2024-05-01
LED-0077,COMP-0008,Salary,GRP-0006_COMP-0008,0,,TRUE,2024-01-01,2024-05-01
LED-0078,COMP-0008,Rent,GRP-0006_COMP-0008,0,,TRUE,2024-01-01,2024-05-01
LED-0079,COMP-0008,Telephone,GRP-0007_COMP-0008,0,,TRUE,2024-01-01,2024-05-01
LED-0080,COMP-0008,Insurance,GRP-0007_COMP-0008,0,,TRUE,2024-01-01,2024-05-01
LED-0081,COMP-0009,Capital Account,GRP-0001_COMP-0009,0,,TRUE,2024-01-01,2024-05-01
LED-0082,COMP-0009,Bank of India,GRP-0002_COMP-0009,10000,,TRUE,2024-01-01,2024-05-01
LED-0083,COMP-0009,HDFC Bank,GRP-0002_COMP-0009,10000,,TRUE,2024-01-01,2024-05-01
LED-0084,COMP-0009,Cash,GRP-0003_COMP-0009,10000,,TRUE,2024-01-01,2024-05-01
LED-0085,COMP-0009,Sales Account,GRP-0004_COMP-0009,0,,TRUE,2024-01-01,2024-05-01
LED-0086,COMP-0009,Purchase Account,GRP-0005_COMP-0009,0,,TRUE,2024-01-01,2024-05-01
LED-0087,COMP-0009,Salary,GRP-0006_COMP-0009,0,,TRUE,2024-01-01,2024-05-01
LED-0088,COMP-0009,Rent,GRP-0006_COMP-0009,0,,TRUE,2024-01-01,2024-05-01
LED-0089,COMP-0009,Telephone,GRP-0007_COMP-0009,0,,TRUE,2024-01-01,2024-05-01
LED-0090,COMP-0009,Insurance,GRP-0007_COMP-0009,0,,TRUE,2024-01-01,2024-05-01
LED-0091,COMP-0010,Capital Account,GRP-0001_COMP-0010,0,,TRUE,2024-01-01,2024-05-01
LED-0092,COMP-0010,Bank of India,GRP-0002_COMP-0010,50000,,TRUE,2024-01-01,2024-05-01
LED-0093,COMP-0010,HDFC Bank,GRP-0002_COMP-0010,50000,,TRUE,2024-01-01,2024-05-01
LED-0094,COMP-0010,Cash,GRP-0003_COMP-0010,0,,TRUE,2024-01-01,2024-05-01
LED-0095,COMP-0010,Sales Account,GRP-0004_COMP-0010,0,,TRUE,2024-01-01,2024-05-01
LED-0096,COMP-0010,Purchase Account,GRP-0005_COMP-0010,0,,TRUE,2024-01-01,2024-05-01
LED-0097,COMP-0010,Salary,GRP-0006_COMP-0010,0,,TRUE,2024-01-01,2024-05-01
LED-0098,COMP-0010,Rent,GRP-0006_COMP-0010,0,,TRUE,2024-01-01,2024-05-01
LED-0099,COMP-0010,Telephone,GRP-0007_COMP-0010,0,,TRUE,2024-01-01,2024-05-01
LED-0100,COMP-0010,Insurance,GRP-0007_COMP-0010,0,,TRUE,2024-01-01,2024-05-01
LED-0101,COMP-0011,Capital Account,GRP-0001_COMP-0011,0,,TRUE,2024-01-01,2024-05-01
LED-0102,COMP-0011,Bank of India,GRP-0002_COMP-0011,10000,,TRUE,2024-01-01,2024-05-01
LED-0103,COMP-0011,HDFC Bank,GRP-0002_COMP-0011,50000,,TRUE,2024-01-01,2024-05-01
LED-0104,COMP-0011,Cash,GRP-0003_COMP-0011,50000,,TRUE,2024-01-01,2024-05-01
LED-0105,COMP-0011,Sales Account,GRP-0004_COMP-0011,0,,TRUE,2024-01-01,2024-05-01
LED-0106,COMP-0011,Purchase Account,GRP-0005_COMP-0011,0,,TRUE,2024-01-01,2024-05-01
LED-0107,COMP-0011,Salary,GRP-0006_COMP-0011,0,,TRUE,2024-01-01,2024-05-01
LED-0108,COMP-0011,Rent,GRP-0006_COMP-0011,0,,TRUE,2024-01-01,2024-05-01
LED-0109,COMP-0011,Telephone,GRP-0007_COMP-0011,0,,TRUE,2024-01-01,2024-05-01
LED-0110,COMP-0011,Insurance,GRP-0007_COMP-0011,0,,TRUE,2024-01-01,2024-05-01
LED-0111,COMP-0012,Capital Account,GRP-0001_COMP-0012,0,,TRUE,2024-01-01,2024-05-01
LED-0112,COMP-0012,Bank of India,GRP-0002_COMP-0012,50000,,TRUE,2024-01-01,2024-05-01
LED-0113,COMP-0012,HDFC Bank,GRP-0002_COMP-0012,0,,TRUE,2024-01-01,2024-05-01
LED-0114,COMP-0012,Cash,GRP-0003_COMP-0012,0,,TRUE,2024-01-01,2024-05-01
LED-0115,COMP-0012,Sales Account,GRP-0004_COMP-0012,0,,TRUE,2024-01-01,2024-05-01
LED-0116,COMP-0012,Purchase Account,GRP-0005_COMP-0012,0,,TRUE,2024-01-01,2024-05-01
LED-0117,COMP-0012,Salary,GRP-0006_COMP-0012,0,,TRUE,2024-01-01,2024-05-01
LED-0118,COMP-0012,Rent,GRP-0006_COMP-0012,0,,TRUE,2024-01-01,2024-05-01
LED-0119,COMP-0012,Telephone,GRP-0007_COMP-0012,0,,TRUE,2024-01-01,2024-05-01
LED-0120,COMP-0012,Insurance,GRP-0007_COMP-0012,0,,TRUE,2024-01-01,2024-05-01
LED-0121,COMP-0013,Capital Account,GRP-0001_COMP-0013,0,,TRUE,2024-01-01,2024-05-01
LED-0122,COMP-0013,Bank of India,GRP-0002_COMP-0013,0,,TRUE,2024-01-01,2024-05-01
LED-0123,COMP-0013,HDFC Bank,GRP-0002_COMP-0013,0,,TRUE,2024-01-01,2024-05-01
LED-0124,COMP-0013,Cash,GRP-0003_COMP-0013,10000,,TRUE,2024-01-01,2024-05-01
LED-0125,COMP-0013,Sales Account,GRP-0004_COMP-0013,0,,TRUE,2024-01-01,2024-05-01
LED-0126,COMP-0013,Purchase Account,GRP-0005_COMP-0013,0,,TRUE,2024-01-01,2024-05-01
LED-0127,COMP-0013,Salary,GRP-0006_COMP-0013,0,,TRUE,2024-01-01,2024-05-01
LED-0128,COMP-0013,Rent,GRP-0006_COMP-0013,0,,TRUE,2024-01-01,2024-05-01
LED-0129,COMP-0013,Telephone,GRP-0007_COMP-0013,0,,TRUE,2024-01-01,2024-05-01
LED-0130,COMP-0013,Insurance,GRP-0007_COMP-0013,0,,TRUE,2024-01-01,2024-05-01
LED-0131,COMP-0014,Capital Account,GRP-0001_COMP-0014,0,,TRUE,2024-01-01,2024-05-01
LED-0132,COMP-0014,Bank of India,GRP-0002_COMP-0014,10000,,TRUE,2024-01-01,2024-05-01
LED-0133,COMP-0014,HDFC Bank,GRP-0002_COMP-0014,10000,,TRUE,2024-01-01,2024-05-01
LED-0134,COMP-0014,Cash,GRP-0003_COMP-0014,0,,TRUE,2024-01-01,2024-05-01
LED-0135,COMP-0014,Sales Account,GRP-0004_COMP-0014,0,,TRUE,2024-01-01,2024-05-01
LED-0136,COMP-0014,Purchase Account,GRP-0005_COMP-0014,0,,TRUE,2024-01-01,2024-05-01
LED-0137,COMP-0014,Salary,GRP-0006_COMP-0014,0,,TRUE,2024-01-01,2024-05-01
LED-0138,COMP-0014,Rent,GRP-0006_COMP-0014,0,,TRUE,2024-01-01,2024-05-01
LED-0139,COMP-0014,Telephone,GRP-0007_COMP-0014,0,,TRUE,2024-01-01,2024-05-01
LED-0140,COMP-0014,Insurance,GRP-0007_COMP-0014,0,,TRUE,2024-01-01,2024-05-01
LED-0141,COMP-0015,Capital Account,GRP-0001_COMP-0015,0,,TRUE,2024-01-01,2024-05-01
LED-0142,COMP-0015,Bank of India,GRP-0002_COMP-0015,0,,TRUE,2024-01-01,2024-05-01
LED-0143,COMP-0015,HDFC Bank,GRP-0002_COMP-0015,0,,TRUE,2024-01-01,2024-05-01
LED-0144,COMP-0015,Cash,GRP-0003_COMP-0015,0,,TRUE,2024-01-01,2024-05-01
LED-0145,COMP-0015,Sales Account,GRP-0004_COMP-0015,0,,TRUE,2024-01-01,2024-05-01
LED-0146,COMP-0015,Purchase Account,GRP-0005_COMP-0015,0,,TRUE,2024-01-01,2024-05-01
LED-0147,COMP-0015,Salary,GRP-0006_COMP-0015,0,,TRUE,2024-01-01,2024-05-01
LED-0148,COMP-0015,Rent,GRP-0006_COMP-0015,0,,TRUE,2024-01-01,2024-05-01
LED-0149,COMP-0015,Telephone,GRP-0007_COMP-0015,0,,TRUE,2024-01-01,2024-05-01
LED-0150,COMP-0015,Insurance,GRP-0007_COMP-0015,0,,TRUE,2024-01-01,2024-05-01
LED-0151,COMP-0016,Capital Account,GRP-0001_COMP-0016,0,,TRUE,2024-01-01,2024-05-01
LED-0152,COMP-0016,Bank of India,GRP-0002_COMP-0016,50000,,TRUE,2024-01-01,2024-05-01
LED-0153,COMP-0016,HDFC Bank,GRP-0002_COMP-0016,50000,,TRUE,2024-01-01,2024-05-01
LED-0154,COMP-0016,Cash,GRP-0003_COMP-0016,10000,,TRUE,2024-01-01,2024-05-01
LED-0155,COMP-0016,Sales Account,GRP-0004_COMP-0016,0,,TRUE,2024-01-01,2024-05-01
LED-0156,COMP-0016,Purchase Account,GRP-0005_COMP-0016,0,,TRUE,2024-01-01,2024-05-01
LED-0157,COMP-0016,Salary,GRP-0006_COMP-0016,0,,TRUE,2024-01-01,2024-05-01
LED-0158,COMP-0016,Rent,GRP-0006_COMP-0016,0,,TRUE,2024-01-01,2024-05-01
LED-0159,COMP-0016,Telephone,GRP-0007_COMP-0016,0,,TRUE,2024-01-01,2024-05-01
LED-0160,COMP-0016,Insurance,GRP-0007_COMP-0016,0,,TRUE,2024-01-01,2024-05-01
LED-0161,COMP-0017,Capital Account,GRP-0001_COMP-0017,0,,TRUE,2024-01-01,2024-05-01
LED-0162,COMP-0017,Bank of India,GRP-0002_COMP-0017,50000,,TRUE,2024-01-01,2024-05-01
LED-0163,COMP-0017,HDFC Bank,GRP-0002_COMP-0017,0,,TRUE,2024-01-01,2024-05-01
LED-0164,COMP-0017,Cash,GRP-0003_COMP-0017,0,,TRUE,2024-01-01,2024-05-01
LED-0165,COMP-0017,Sales Account,GRP-0004_COMP-0017,0,,TRUE,2024-01-01,2024-05-01
LED-0166,COMP-0017,Purchase Account,GRP-0005_COMP-0017,0,,TRUE,2024-01-01,2024-05-01
LED-0167,COMP-0017,Salary,GRP-0006_COMP-0017,0,,TRUE,2024-01-01,2024-05-01
LED-0168,COMP-0017,Rent,GRP-0006_COMP-0017,0,,TRUE,2024-01-01,2024-05-01
LED-0169,COMP-0017,Telephone,GRP-0007_COMP-0017,0,,TRUE,2024-01-01,2024-05-01
LED-0170,COMP-0017,Insurance,GRP-0007_COMP-0017,0,,TRUE,2024-01-01,2024-05-01
LED-0171,COMP-0018,Capital Account,GRP-0001_COMP-0018,0,,TRUE,2024-01-01,2024-05-01
LED-0172,COMP-0018,Bank of India,GRP-0002_COMP-0018,50000,,TRUE,2024-01-01,2024-05-01
LED-0173,COMP-0018,HDFC Bank,GRP-0002_COMP-0018,0,,TRUE,2024-01-01,2024-05-01
LED-0174,COMP-0018,Cash,GRP-0003_COMP-0018,0,,TRUE,2024-01-01,2024-05-01
LED-0175,COMP-0018,Sales Account,GRP-0004_COMP-0018,0,,TRUE,2024-01-01,2024-05-01
LED-0176,COMP-0018,Purchase Account,GRP-0005_COMP-0018,0,,TRUE,2024-01-01,2024-05-01
LED-0177,COMP-0018,Salary,GRP-0006_COMP-0018,0,,TRUE,2024-01-01,2024-05-01
LED-0178,COMP-0018,Rent,GRP-0006_COMP-0018,0,,TRUE,2024-01-01,2024-05-01
LED-0179,COMP-0018,Telephone,GRP-0007_COMP-0018,0,,TRUE,2024-01-01,2024-05-01
LED-0180,COMP-0018,Insurance,GRP-0007_COMP-0018,0,,TRUE,2024-01-01,2024-05-01
LED-0181,COMP-0019,Capital Account,GRP-0001_COMP-0019,0,,TRUE,2024-01-01,2024-05-01
LED-0182,COMP-0019,Bank of India,GRP-0002_COMP-0019,0,,TRUE,2024-01-01,2024-05-01
LED-0183,COMP-0019,HDFC Bank,GRP-0002_COMP-0019,50000,,TRUE,2024-01-01,2024-05-01
LED-0184,COMP-0019,Cash,GRP-0003_COMP-0019,0,,TRUE,2024-01-01,2024-05-01
LED-0185,COMP-0019,Sales Account,GRP-0004_COMP-0019,0,,TRUE,2024-01-01,2024-05-01
LED-0186,COMP-0019,Purchase Account,GRP-0005_COMP-0019,0,,TRUE,2024-01-01,2024-05-01
LED-0187,COMP-0019,Salary,GRP-0006_COMP-0019,0,,TRUE,2024-01-01,2024-05-01
LED-0188,COMP-0019,Rent,GRP-0006_COMP-0019,0,,TRUE,2024-01-01,2024-05-01
LED-0189,COMP-0019,Telephone,GRP-0007_COMP-0019,0,,TRUE,2024-01-01,2024-05-01
LED-0190,COMP-0019,Insurance,GRP-0007_COMP-0019,0,,TRUE,2024-01-01,2024-05-01
LED-0191,COMP-0020,Capital Account,GRP-0001_COMP-0020,0,,TRUE,2024-01-01,2024-05-01
LED-0192,COMP-0020,Bank of India,GRP-0002_COMP-0020,0,,TRUE,2024-01-01,2024-05-01
LED-0193,COMP-0020,HDFC Bank,GRP-0002_COMP-0020,0,,TRUE,2024-01-01,2024-05-01
LED-0194,COMP-0020,Cash,GRP-0003_COMP-0020,10000,,TRUE,2024-01-01,2024-05-01
LED-0195,COMP-0020,Sales Account,GRP-0004_COMP-0020,0,,TRUE,2024-01-01,2024-05-01
LED-0196,COMP-0020,Purchase Account,GRP-0005_COMP-0020,0,,TRUE,2024-01-01,2024-05-01
LED-0197,COMP-0020,Salary,GRP-0006_COMP-0020,0,,TRUE,2024-01-01,2024-05-01
LED-0198,COMP-0020,Rent,GRP-0006_COMP-0020,0,,TRUE,2024-01-01,2024-05-01
LED-0199,COMP-0020,Telephone,GRP-0007_COMP-0020,0,,TRUE,2024-01-01,2024-05-01
LED-0200,COMP-0020,Insurance,GRP-0007_COMP-0020,0,,TRUE,2024-01-01,2024-05-01
LED-0201,COMP-0021,Capital Account,GRP-0001_COMP-0021,0,,TRUE,2024-01-01,2024-05-01
LED-0202,COMP-0021,Bank of India,GRP-0002_COMP-0021,50000,,TRUE,2024-01-01,2024-05-01
LED-0203,COMP-0021,HDFC Bank,GRP-0002_COMP-0021,0,,TRUE,2024-01-01,2024-05-01
LED-0204,COMP-0021,Cash,GRP-0003_COMP-0021,0,,TRUE,2024-01-01,2024-05-01
LED-0205,COMP-0021,Sales Account,GRP-0004_COMP-0021,0,,TRUE,2024-01-01,2024-05-01
LED-0206,COMP-0021,Purchase Account,GRP-0005_COMP-0021,0,,TRUE,2024-01-01,2024-05-01
LED-0207,COMP-0021,Salary,GRP-0006_COMP-0021,0,,TRUE,2024-01-01,2024-05-01
LED-0208,COMP-0021,Rent,GRP-0006_COMP-0021,0,,TRUE,2024-01-01,2024-05-01
LED-0209,COMP-0021,Telephone,GRP-0007_COMP-0021,0,,TRUE,2024-01-01,2024-05-01
LED-0210,COMP-0021,Insurance,GRP-0007_COMP-0021,0,,TRUE,2024-01-01,2024-05-01
LED-0211,COMP-0022,Capital Account,GRP-0001_COMP-0022,0,,TRUE,2024-01-01,2024-05-01
LED-0212,COMP-0022,Bank of India,GRP-0002_COMP-0022,10000,,TRUE,2024-01-01,2024-05-01
LED-0213,COMP-0022,HDFC Bank,GRP-0002_COMP-0022,10000,,TRUE,2024-01-01,2024-05-01
LED-0214,COMP-0022,Cash,GRP-0003_COMP-0022,0,,TRUE,2024-01-01,2024-05-01
LED-0215,COMP-0022,Sales Account,GRP-0004_COMP-0022,0,,TRUE,2024-01-01,2024-05-01
LED-0216,COMP-0022,Purchase Account,GRP-0005_COMP-0022,0,,TRUE,2024-01-01,2024-05-01
LED-0217,COMP-0022,Salary,GRP-0006_COMP-0022,0,,TRUE,2024-01-01,2024-05-01
LED-0218,COMP-0022,Rent,GRP-0006_COMP-0022,0,,TRUE,2024-01-01,2024-05-01
LED-0219,COMP-0022,Telephone,GRP-0007_COMP-0022,0,,TRUE,2024-01-01,2024-05-01
LED-0220,COMP-0022,Insurance,GRP-0007_COMP-0022,0,,TRUE,2024-01-01,2024-05-01
LED-0221,COMP-0023,Capital Account,GRP-0001_COMP-0023,0,,TRUE,2024-01-01,2024-05-01
LED-0222,COMP-0023,Bank of India,GRP-0002_COMP-0023,0,,TRUE,2024-01-01,2024-05-01
LED-0223,COMP-0023,HDFC Bank,GRP-0002_COMP-0023,10000,,TRUE,2024-01-01,2024-05-01
LED-0224,COMP-0023,Cash,GRP-0003_COMP-0023,10000,,TRUE,2024-01-01,2024-05-01
LED-0225,COMP-0023,Sales Account,GRP-0004_COMP-0023,0,,TRUE,2024-01-01,2024-05-01
LED-0226,COMP-0023,Purchase Account,GRP-0005_COMP-0023,0,,TRUE,2024-01-01,2024-05-01
LED-0227,COMP-0023,Salary,GRP-0006_COMP-0023,0,,TRUE,2024-01-01,2024-05-01
LED-0228,COMP-0023,Rent,GRP-0006_COMP-0023,0,,TRUE,2024-01-01,2024-05-01
LED-0229,COMP-0023,Telephone,GRP-0007_COMP-0023,0,,TRUE,2024-01-01,2024-05-01
LED-0230,COMP-0023,Insurance,GRP-0007_COMP-0023,0,,TRUE,2024-01-01,2024-05-01
LED-0231,COMP-0024,Capital Account,GRP-0001_COMP-0024,0,,TRUE,2024-01-01,2024-05-01
LED-0232,COMP-0024,Bank of India,GRP-0002_COMP-0024,0,,TRUE,2024-01-01,2024-05-01
LED-0233,COMP-0024,HDFC Bank,GRP-0002_COMP-0024,10000,,TRUE,2024-01-01,2024-05-01
LED-0234,COMP-0024,Cash,GRP-0003_COMP-0024,0,,TRUE,2024-01-01,2024-05-01
LED-0235,COMP-0024,Sales Account,GRP-0004_COMP-0024,0,,TRUE,2024-01-01,2024-05-01
LED-0236,COMP-0024,Purchase Account,GRP-0005_COMP-0024,0,,TRUE,2024-01-01,2024-05-01
LED-0237,COMP-0024,Salary,GRP-0006_COMP-0024,0,,TRUE,2024-01-01,2024-05-01
LED-0238,COMP-0024,Rent,GRP-0006_COMP-0024,0,,TRUE,2024-01-01,2024-05-01
LED-0239,COMP-0024,Telephone,GRP-0007_COMP-0024,0,,TRUE,2024-01-01,2024-05-01
LED-0240,COMP-0024,Insurance,GRP-0007_COMP-0024,0,,TRUE,2024-01-01,2024-05-01
LED-0241,COMP-0025,Capital Account,GRP-0001_COMP-0025,0,,TRUE,2024-01-01,2024-05-01
LED-0242,COMP-0025,Bank of India,GRP-0002_COMP-0025,50000,,TRUE,2024-01-01,2024-05-01
LED-0243,COMP-0025,HDFC Bank,GRP-0002_COMP-0025,0,,TRUE,2024-01-01,2024-05-01
LED-0244,COMP-0025,Cash,GRP-0003_COMP-0025,10000,,TRUE,2024-01-01,2024-05-01
LED-0245,COMP-0025,Sales Account,GRP-0004_COMP-0025,0,,TRUE,2024-01-01,2024-05-01
LED-0246,COMP-0025,Purchase Account,GRP-0005_COMP-0025,0,,TRUE,2024-01-01,2024-05-01
LED-0247,COMP-0025,Salary,GRP-0006_COMP-0025,0,,TRUE,2024-01-01,2024-05-01
LED-0248,COMP-0025,Rent,GRP-0006_COMP-0025,0,,TRUE,2024-01-01,2024-05-01
LED-0249,COMP-0025,Telephone,GRP-0007_COMP-0025,0,,TRUE,2024-01-01,2024-05-01
LED-0250,COMP-0025,Insurance,GRP-0007_COMP-0025,0,,TRUE,2024-01-01,2024-05-01
LED-0251,COMP-0026,Capital Account,GRP-0001_COMP-0026,0,,TRUE,2024-01-01,2024-05-01
LED-0252,COMP-0026,Bank of India,GRP-0002_COMP-0026,50000,,TRUE,2024-01-01,2024-05-01
LED-0253,COMP-0026,HDFC Bank,GRP-0002_COMP-0026,0,,TRUE,2024-01-01,2024-05-01
LED-0254,COMP-0026,Cash,GRP-0003_COMP-0026,0,,TRUE,2024-01-01,2024-05-01
LED-0255,COMP-0026,Sales Account,GRP-0004_COMP-0026,0,,TRUE,2024-01-01,2024-05-01
LED-0256,COMP-0026,Purchase Account,GRP-0005_COMP-0026,0,,TRUE,2024-01-01,2024-05-01
LED-0257,COMP-0026,Salary,GRP-0006_COMP-0026,0,,TRUE,2024-01-01,2024-05-01
LED-0258,COMP-0026,Rent,GRP-0006_COMP-0026,0,,TRUE,2024-01-01,2024-05-01
LED-0259,COMP-0026,Telephone,GRP-0007_COMP-0026,0,,TRUE,2024-01-01,2024-05-01
LED-0260,COMP-0026,Insurance,GRP-0007_COMP-0026,0,,TRUE,2024-01-01,2024-05-01
LED-0261,COMP-0027,Capital Account,GRP-0001_COMP-0027,0,,TRUE,2024-01-01,2024-05-01
LED-0262,COMP-0027,Bank of India,GRP-0002_COMP-0027,0,,TRUE,2024-01-01,2024-05-01
LED-0263,COMP-0027,HDFC Bank,GRP-0002_COMP-0027,50000,,TRUE,2024-01-01,2024-05-01
LED-0264,COMP-0027,Cash,GRP-0003_COMP-0027,10000,,TRUE,2024-01-01,2024-05-01
LED-0265,COMP-0027,Sales Account,GRP-0004_COMP-0027,0,,TRUE,2024-01-01,2024-05-01
LED-0266,COMP-0027,Purchase Account,GRP-0005_COMP-0027,0,,TRUE,2024-01-01,2024-05-01
LED-0267,COMP-0027,Salary,GRP-0006_COMP-0027,0,,TRUE,2024-01-01,2024-05-01
LED-0268,COMP-0027,Rent,GRP-0006_COMP-0027,0,,TRUE,2024-01-01,2024-05-01
LED-0269,COMP-0027,Telephone,GRP-0007_COMP-0027,0,,TRUE,2024-01-01,2024-05-01
LED-0270,COMP-0027,Insurance,GRP-0007_COMP-0027,0,,TRUE,2024-01-01,2024-05-01
LED-0271,COMP-0028,Capital Account,GRP-0001_COMP-0028,0,,TRUE,2024-01-01,2024-05-01
LED-0272,COMP-0028,Bank of India,GRP-0002_COMP-0028,10000,,TRUE,2024-01-01,2024-05-01
LED-0273,COMP-0028,HDFC Bank,GRP-0002_COMP-0028,50000,,TRUE,2024-01-01,2024-05-01
LED-0274,COMP-0028,Cash,GRP-0003_COMP-0028,0,,TRUE,2024-01-01,2024-05-01
LED-0275,COMP-0028,Sales Account,GRP-0004_COMP-0028,0,,TRUE,2024-01-01,2024-05-01
LED-0276,COMP-0028,Purchase Account,GRP-0005_COMP-0028,0,,TRUE,2024-01-01,2024-05-01
LED-0277,COMP-0028,Salary,GRP-0006_COMP-0028,0,,TRUE,2024-01-01,2024-05-01
LED-0278,COMP-0028,Rent,GRP-0006_COMP-0028,0,,TRUE,2024-01-01,2024-05-01
LED-0279,COMP-0028,Telephone,GRP-0007_COMP-0028,0,,TRUE,2024-01-01,2024-05-01
LED-0280,COMP-0028,Insurance,GRP-0007_COMP-0028,0,,TRUE,2024-01-01,2024-05-01
LED-0281,COMP-0029,Capital Account,GRP-0001_COMP-0029,0,,TRUE,2024-01-01,2024-05-01
LED-0282,COMP-0029,Bank of India,GRP-0002_COMP-0029,50000,,TRUE,2024-01-01,2024-05-01
LED-0283,COMP-0029,HDFC Bank,GRP-0002_COMP-0029,10000,,TRUE,2024-01-01,2024-05-01
LED-0284,COMP-0029,Cash,GRP-0003_COMP-0029,10000,,TRUE,2024-01-01,2024-05-01
LED-0285,COMP-0029,Sales Account,GRP-0004_COMP-0029,0,,TRUE,2024-01-01,2024-05-01
LED-0286,COMP-0029,Purchase Account,GRP-0005_COMP-0029,0,,TRUE,2024-01-01,2024-05-01
LED-0287,COMP-0029,Salary,GRP-0006_COMP-0029,0,,TRUE,2024-01-01,2024-05-01
LED-0288,COMP-0029,Rent,GRP-0006_COMP-0029,0,,TRUE,2024-01-01,2024-05-01
LED-0289,COMP-0029,Telephone,GRP-0007_COMP-0029,0,,TRUE,2024-01-01,2024-05-01
LED-0290,COMP-0029,Insurance,GRP-0007_COMP-0029,0,,TRUE,2024-01-01,2024-05-01
LED-0291,COMP-0030,Capital Account,GRP-0001_COMP-0030,0,,TRUE,2024-01-01,2024-05-01
LED-0292,COMP-0030,Bank of India,GRP-0002_COMP-0030,10000,,TRUE,2024-01-01,2024-05-01
LED-0293,COMP-0030,HDFC Bank,GRP-0002_COMP-0030,10000,,TRUE,2024-01-01,2024-05-01
LED-0294,COMP-0030,Cash,GRP-0003_COMP-0030,0,,TRUE,2024-01-01,2024-05-01
LED-0295,COMP-0030,Sales Account,GRP-0004_COMP-0030,0,,TRUE,2024-01-01,2024-05-01
LED-0296,COMP-0030,Purchase Account,GRP-0005_COMP-0030,0,,TRUE,2024-01-01,2024-05-01
LED-0297,COMP-0030,Salary,GRP-0006_COMP-0030,0,,TRUE,2024-01-01,2024-05-01
LED-0298,COMP-0030,Rent,GRP-0006_COMP-0030,0,,TRUE,2024-01-01,2024-05-01
LED-0299,COMP-0030,Telephone,GRP-0007_COMP-0030,0,,TRUE,2024-01-01,2024-05-01
LED-0300,COMP-0030,Insurance,GRP-0007_COMP-0030,0,,TRUE,2024-01-01,2024-05-01
LED-0301,COMP-0031,Capital Account,GRP-0001_COMP-0031,0,,TRUE,2024-01-01,2024-05-01
LED-0302,COMP-0031,Bank of India,GRP-0002_COMP-0031,0,,TRUE,2024-01-01,2024-05-01
LED-0303,COMP-0031,HDFC Bank,GRP-0002_COMP-0031,10000,,TRUE,2024-01-01,2024-05-01
LED-0304,COMP-0031,Cash,GRP-0003_COMP-0031,10000,,TRUE,2024-01-01,2024-05-01
LED-0305,COMP-0031,Sales Account,GRP-0004_COMP-0031,0,,TRUE,2024-01-01,2024-05-01
LED-0306,COMP-0031,Purchase Account,GRP-0005_COMP-0031,0,,TRUE,2024-01-01,2024-05-01
LED-0307,COMP-0031,Salary,GRP-0006_COMP-0031,0,,TRUE,2024-01-01,2024-05-01
LED-0308,COMP-0031,Rent,GRP-0006_COMP-0031,0,,TRUE,2024-01-01,2024-05-01
LED-0309,COMP-0031,Telephone,GRP-0007_COMP-0031,0,,TRUE,2024-01-01,2024-05-01
LED-0310,COMP-0031,Insurance,GRP-0007_COMP-0031,0,,TRUE,2024-01-01,2024-05-01
LED-0311,COMP-0032,Capital Account,GRP-0001_COMP-0032,0,,TRUE,2024-01-01,2024-05-01
LED-0312,COMP-0032,Bank of India,GRP-0002_COMP-0032,0,,TRUE,2024-01-01,2024-05-01
LED-0313,COMP-0032,HDFC Bank,GRP-0002_COMP-0032,10000,,TRUE,2024-01-01,2024-05-01
LED-0314,COMP-0032,Cash,GRP-0003_COMP-0032,0,,TRUE,2024-01-01,2024-05-01
LED-0315,COMP-0032,Sales Account,GRP-0004_COMP-0032,0,,TRUE,2024-01-01,2024-05-01
LED-0316,COMP-0032,Purchase Account,GRP-0005_COMP-0032,0,,TRUE,2024-01-01,2024-05-01
LED-0317,COMP-0032,Salary,GRP-0006_COMP-0032,0,,TRUE,2024-01-01,2024-05-01
LED-0318,COMP-0032,Rent,GRP-0006_COMP-0032,0,,TRUE,2024-01-01,2024-05-01
LED-0319,COMP-0032,Telephone,GRP-0007_COMP-0032,0,,TRUE,2024-01-01,2024-05-01
LED-0320,COMP-0032,Insurance,GRP-0007_COMP-0032,0,,TRUE,2024-01-01,2024-05-01
LED-0321,COMP-0033,Capital Account,GRP-0001_COMP-0033,0,,TRUE,2024-01-01,2024-05-01
LED-0322,COMP-0033,Bank of India,GRP-0002_COMP-0033,0,,TRUE,2024-01-01,2024-05-01
LED-0323,COMP-0033,HDFC Bank,GRP-0002_COMP-0033,0,,TRUE,2024-01-01,2024-05-01
LED-0324,COMP-0033,Cash,GRP-0003_COMP-0033,10000,,TRUE,2024-01-01,2024-05-01
LED-0325,COMP-0033,Sales Account,GRP-0004_COMP-0033,0,,TRUE,2024-01-01,2024-05-01
LED-0326,COMP-0033,Purchase Account,GRP-0005_COMP-0033,0,,TRUE,2024-01-01,2024-05-01
LED-0327,COMP-0033,Salary,GRP-0006_COMP-0033,0,,TRUE,2024-01-01,2024-05-01
LED-0328,COMP-0033,Rent,GRP-0006_COMP-0033,0,,TRUE,2024-01-01,2024-05-01
LED-0329,COMP-0033,Telephone,GRP-0007_COMP-0033,0,,TRUE,2024-01-01,2024-05-01
LED-0330,COMP-0033,Insurance,GRP-0007_COMP-0033,0,,TRUE,2024-01-01,2024-05-01
LED-0331,COMP-0034,Capital Account,GRP-0001_COMP-0034,0,,TRUE,2024-01-01,2024-05-01
LED-0332,COMP-0034,Bank of India,GRP-0002_COMP-0034,50000,,TRUE,2024-01-01,2024-05-01
LED-0333,COMP-0034,HDFC Bank,GRP-0002_COMP-0034,10000,,TRUE,2024-01-01,2024-05-01
LED-0334,COMP-0034,Cash,GRP-0003_COMP-0034,10000,,TRUE,2024-01-01,2024-05-01
LED-0335,COMP-0034,Sales Account,GRP-0004_COMP-0034,0,,TRUE,2024-01-01,2024-05-01
LED-0336,COMP-0034,Purchase Account,GRP-0005_COMP-0034,0,,TRUE,2024-01-01,2024-05-01
LED-0337,COMP-0034,Salary,GRP-0006_COMP-0034,0,,TRUE,2024-01-01,2024-05-01
LED-0338,COMP-0034,Rent,GRP-0006_COMP-0034,0,,TRUE,2024-01-01,2024-05-01
LED-0339,COMP-0034,Telephone,GRP-0007_COMP-0034,0,,TRUE,2024-01-01,2024-05-01
LED-0340,COMP-0034,Insurance,GRP-0007_COMP-0034,0,,TRUE,2024-01-01,2024-05-01
LED-0341,COMP-0035,Capital Account,GRP-0001_COMP-0035,0,,TRUE,2024-01-01,2024-05-01
LED-0342,COMP-0035,Bank of India,GRP-0002_COMP-0035,50000,,TRUE,2024-01-01,2024-05-01
LED-0343,COMP-0035,HDFC Bank,GRP-0002_COMP-0035,50000,,TRUE,2024-01-01,2024-05-01
LED-0344,COMP-0035,Cash,GRP-0003_COMP-0035,50000,,TRUE,2024-01-01,2024-05-01
LED-0345,COMP-0035,Sales Account,GRP-0004_COMP-0035,0,,TRUE,2024-01-01,2024-05-01
LED-0346,COMP-0035,Purchase Account,GRP-0005_COMP-0035,0,,TRUE,2024-01-01,2024-05-01
LED-0347,COMP-0035,Salary,GRP-0006_COMP-0035,0,,TRUE,2024-01-01,2024-05-01
LED-0348,COMP-0035,Rent,GRP-0006_COMP-0035,0,,TRUE,2024-01-01,2024-05-01
LED-0349,COMP-0035,Telephone,GRP-0007_COMP-0035,0,,TRUE,2024-01-01,2024-05-01
LED-0350,COMP-0035,Insurance,GRP-0007_COMP-0035,0,,TRUE,2024-01-01,2024-05-01
LED-0351,COMP-0036,Capital Account,GRP-0001_COMP-0036,0,,TRUE,2024-01-01,2024-05-01
LED-0352,COMP-0036,Bank of India,GRP-0002_COMP-0036,10000,,TRUE,2024-01-01,2024-05-01
LED-0353,COMP-0036,HDFC Bank,GRP-0002_COMP-0036,0,,TRUE,2024-01-01,2024-05-01
LED-0354,COMP-0036,Cash,GRP-0003_COMP-0036,50000,,TRUE,2024-01-01,2024-05-01
LED-0355,COMP-0036,Sales Account,GRP-0004_COMP-0036,0,,TRUE,2024-01-01,2024-05-01
LED-0356,COMP-0036,Purchase Account,GRP-0005_COMP-0036,0,,TRUE,2024-01-01,2024-05-01
LED-0357,COMP-0036,Salary,GRP-0006_COMP-0036,0,,TRUE,2024-01-01,2024-05-01
LED-0358,COMP-0036,Rent,GRP-0006_COMP-0036,0,,TRUE,2024-01-01,2024-05-01
LED-0359,COMP-0036,Telephone,GRP-0007_COMP-0036,0,,TRUE,2024-01-01,2024-05-01
LED-0360,COMP-0036,Insurance,GRP-0007_COMP-0036,0,,TRUE,2024-01-01,2024-05-01
LED-0361,COMP-0037,Capital Account,GRP-0001_COMP-0037,0,,TRUE,2024-01-01,2024-05-01
LED-0362,COMP-0037,Bank of India,GRP-0002_COMP-0037,10000,,TRUE,2024-01-01,2024-05-01
LED-0363,COMP-0037,HDFC Bank,GRP-0002_COMP-0037,50000,,TRUE,2024-01-01,2024-05-01
LED-0364,COMP-0037,Cash,GRP-0003_COMP-0037,10000,,TRUE,2024-01-01,2024-05-01
LED-0365,COMP-0037,Sales Account,GRP-0004_COMP-0037,0,,TRUE,2024-01-01,2024-05-01
LED-0366,COMP-0037,Purchase Account,GRP-0005_COMP-0037,0,,TRUE,2024-01-01,2024-05-01
LED-0367,COMP-0037,Salary,GRP-0006_COMP-0037,0,,TRUE,2024-01-01,2024-05-01
LED-0368,COMP-0037,Rent,GRP-0006_COMP-0037,0,,TRUE,2024-01-01,2024-05-01
LED-0369,COMP-0037,Telephone,GRP-0007_COMP-0037,0,,TRUE,2024-01-01,2024-05-01
LED-0370,COMP-0037,Insurance,GRP-0007_COMP-0037,0,,TRUE,2024-01-01,2024-05-01
LED-0371,COMP-0038,Capital Account,GRP-0001_COMP-0038,0,,TRUE,2024-01-01,2024-05-01
LED-0372,COMP-0038,Bank of India,GRP-0002_COMP-0038,50000,,TRUE,2024-01-01,2024-05-01
LED-0373,COMP-0038,HDFC Bank,GRP-0002_COMP-0038,10000,,TRUE,2024-01-01,2024-05-01
LED-0374,COMP-0038,Cash,GRP-0003_COMP-0038,0,,TRUE,2024-01-01,2024-05-01
LED-0375,COMP-0038,Sales Account,GRP-0004_COMP-0038,0,,TRUE,2024-01-01,2024-05-01
LED-0376,COMP-0038,Purchase Account,GRP-0005_COMP-0038,0,,TRUE,2024-01-01,2024-05-01
LED-0377,COMP-0038,Salary,GRP-0006_COMP-0038,0,,TRUE,2024-01-01,2024-05-01
LED-0378,COMP-0038,Rent,GRP-0006_COMP-0038,0,,TRUE,2024-01-01,2024-05-01
LED-0379,COMP-0038,Telephone,GRP-0007_COMP-0038,0,,TRUE,2024-01-01,2024-05-01
LED-0380,COMP-0038,Insurance,GRP-0007_COMP-0038,0,,TRUE,2024-01-01,2024-05-01
LED-0381,COMP-0039,Capital Account,GRP-0001_COMP-0039,0,,TRUE,2024-01-01,2024-05-01
LED-0382,COMP-0039,Bank of India,GRP-0002_COMP-0039,50000,,TRUE,2024-01-01,2024-05-01
LED-0383,COMP-0039,HDFC Bank,GRP-0002_COMP-0039,10000,,TRUE,2024-01-01,2024-05-01
LED-0384,COMP-0039,Cash,GRP-0003_COMP-0039,50000,,TRUE,2024-01-01,2024-05-01
LED-0385,COMP-0039,Sales Account,GRP-0004_COMP-0039,0,,TRUE,2024-01-01,2024-05-01
LED-0386,COMP-0039,Purchase Account,GRP-0005_COMP-0039,0,,TRUE,2024-01-01,2024-05-01
LED-0387,COMP-0039,Salary,GRP-0006_COMP-0039,0,,TRUE,2024-01-01,2024-05-01
LED-0388,COMP-0039,Rent,GRP-0006_COMP-0039,0,,TRUE,2024-01-01,2024-05-01
LED-0389,COMP-0039,Telephone,GRP-0007_COMP-0039,0,,TRUE,2024-01-01,2024-05-01
LED-0390,COMP-0039,Insurance,GRP-0007_COMP-0039,0,,TRUE,2024-01-01,2024-05-01
LED-0391,COMP-0040,Capital Account,GRP-0001_COMP-0040,0,,TRUE,2024-01-01,2024-05-01
LED-0392,COMP-0040,Bank of India,GRP-0002_COMP-0040,0,,TRUE,2024-01-01,2024-05-01
LED-0393,COMP-0040,HDFC Bank,GRP-0002_COMP-0040,0,,TRUE,2024-01-01,2024-05-01
LED-0394,COMP-0040,Cash,GRP-0003_COMP-0040,10000,,TRUE,2024-01-01,2024-05-01
LED-0395,COMP-0040,Sales Account,GRP-0004_COMP-0040,0,,TRUE,2024-01-01,2024-05-01
LED-0396,COMP-0040,Purchase Account,GRP-0005_COMP-0040,0,,TRUE,2024-01-01,2024-05-01
LED-0397,COMP-0040,Salary,GRP-0006_COMP-0040,0,,TRUE,2024-01-01,2024-05-01
LED-0398,COMP-0040,Rent,GRP-0006_COMP-0040,0,,TRUE,2024-01-01,2024-05-01
LED-0399,COMP-0040,Telephone,GRP-0007_COMP-0040,0,,TRUE,2024-01-01,2024-05-01
LED-0400,COMP-0040,Insurance,GRP-0007_COMP-0040,0,,TRUE,2024-01-01,2024-05-01
LED-0401,COMP-0041,Capital Account,GRP-0001_COMP-0041,0,,TRUE,2024-01-01,2024-05-01
LED-0402,COMP-0041,Bank of India,GRP-0002_COMP-0041,10000,,TRUE,2024-01-01,2024-05-01
LED-0403,COMP-0041,HDFC Bank,GRP-0002_COMP-0041,10000,,TRUE,2024-01-01,2024-05-01
LED-0404,COMP-0041,Cash,GRP-0003_COMP-0041,0,,TRUE,2024-01-01,2024-05-01
LED-0405,COMP-0041,Sales Account,GRP-0004_COMP-0041,0,,TRUE,2024-01-01,2024-05-01
LED-0406,COMP-0041,Purchase Account,GRP-0005_COMP-0041,0,,TRUE,2024-01-01,2024-05-01
LED-0407,COMP-0041,Salary,GRP-0006_COMP-0041,0,,TRUE,2024-01-01,2024-05-01
LED-0408,COMP-0041,Rent,GRP-0006_COMP-0041,0,,TRUE,2024-01-01,2024-05-01
LED-0409,COMP-0041,Telephone,GRP-0007_COMP-0041,0,,TRUE,2024-01-01,2024-05-01
LED-0410,COMP-0041,Insurance,GRP-0007_COMP-0041,0,,TRUE,2024-01-01,2024-05-01
LED-0411,COMP-0042,Capital Account,GRP-0001_COMP-0042,0,,TRUE,2024-01-01,2024-05-01
LED-0412,COMP-0042,Bank of India,GRP-0002_COMP-0042,0,,TRUE,2024-01-01,2024-05-01
LED-0413,COMP-0042,HDFC Bank,GRP-0002_COMP-0042,10000,,TRUE,2024-01-01,2024-05-01
LED-0414,COMP-0042,Cash,GRP-0003_COMP-0042,10000,,TRUE,2024-01-01,2024-05-01
LED-0415,COMP-0042,Sales Account,GRP-0004_COMP-0042,0,,TRUE,2024-01-01,2024-05-01
LED-0416,COMP-0042,Purchase Account,GRP-0005_COMP-0042,0,,TRUE,2024-01-01,2024-05-01
LED-0417,COMP-0042,Salary,GRP-0006_COMP-0042,0,,TRUE,2024-01-01,2024-05-01
LED-0418,COMP-0042,Rent,GRP-0006_COMP-0042,0,,TRUE,2024-01-01,2024-05-01
LED-0419,COMP-0042,Telephone,GRP-0007_COMP-0042,0,,TRUE,2024-01-01,2024-05-01
LED-0420,COMP-0042,Insurance,GRP-0007_COMP-0042,0,,TRUE,2024-01-01,2024-05-01
LED-0421,COMP-0043,Capital Account,GRP-0001_COMP-0043,0,,TRUE,2024-01-01,2024-05-01
LED-0422,COMP-0043,Bank of India,GRP-0002_COMP-0043,0,,TRUE,2024-01-01,2024-05-01
LED-0423,COMP-0043,HDFC Bank,GRP-0002_COMP-0043,0,,TRUE,2024-01-01,2024-05-01
LED-0424,COMP-0043,Cash,GRP-0003_COMP-0043,0,,TRUE,2024-01-01,2024-05-01
LED-0425,COMP-0043,Sales Account,GRP-0004_COMP-0043,0,,TRUE,2024-01-01,2024-05-01
LED-0426,COMP-0043,Purchase Account,GRP-0005_COMP-0043,0,,TRUE,2024-01-01,2024-05-01
LED-0427,COMP-0043,Salary,GRP-0006_COMP-0043,0,,TRUE,2024-01-01,2024-05-01
LED-0428,COMP-0043,Rent,GRP-0006_COMP-0043,0,,TRUE,2024-01-01,2024-05-01
LED-0429,COMP-0043,Telephone,GRP-0007_COMP-0043,0,,TRUE,2024-01-01,2024-05-01
LED-0430,COMP-0043,Insurance,GRP-0007_COMP-0043,0,,TRUE,2024-01-01,2024-05-01
LED-0431,COMP-0044,Capital Account,GRP-0001_COMP-0044,0,,TRUE,2024-01-01,2024-05-01
LED-0432,COMP-0044,Bank of India,GRP-0002_COMP-0044,50000,,TRUE,2024-01-01,2024-05-01
LED-0433,COMP-0044,HDFC Bank,GRP-0002_COMP-0044,10000,,TRUE,2024-01-01,2024-05-01
LED-0434,COMP-0044,Cash,GRP-0003_COMP-0044,0,,TRUE,2024-01-01,2024-05-01
LED-0435,COMP-0044,Sales Account,GRP-0004_COMP-0044,0,,TRUE,2024-01-01,2024-05-01
LED-0436,COMP-0044,Purchase Account,GRP-0005_COMP-0044,0,,TRUE,2024-01-01,2024-05-01
LED-0437,COMP-0044,Salary,GRP-0006_COMP-0044,0,,TRUE,2024-01-01,2024-05-01
LED-0438,COMP-0044,Rent,GRP-0006_COMP-0044,0,,TRUE,2024-01-01,2024-05-01
LED-0439,COMP-0044,Telephone,GRP-0007_COMP-0044,0,,TRUE,2024-01-01,2024-05-01
LED-0440,COMP-0044,Insurance,GRP-0007_COMP-0044,0,,TRUE,2024-01-01,2024-05-01
LED-0441,COMP-0045,Capital Account,GRP-0001_COMP-0045,0,,TRUE,2024-01-01,2024-05-01
LED-0442,COMP-0045,Bank of India,GRP-0002_COMP-0045,0,,TRUE,2024-01-01,2024-05-01
LED-0443,COMP-0045,HDFC Bank,GRP-0002_COMP-0045,10000,,TRUE,2024-01-01,2024-05-01
LED-0444,COMP-0045,Cash,GRP-0003_COMP-0045,50000,,TRUE,2024-01-01,2024-05-01
LED-0445,COMP-0045,Sales Account,GRP-0004_COMP-0045,0,,TRUE,2024-01-01,2024-05-01
LED-0446,COMP-0045,Purchase Account,GRP-0005_COMP-0045,0,,TRUE,2024-01-01,2024-05-01
LED-0447,COMP-0045,Salary,GRP-0006_COMP-0045,0,,TRUE,2024-01-01,2024-05-01
LED-0448,COMP-0045,Rent,GRP-0006_COMP-0045,0,,TRUE,2024-01-01,2024-05-01
LED-0449,COMP-0045,Telephone,GRP-0007_COMP-0045,0,,TRUE,2024-01-01,2024-05-01
LED-0450,COMP-0045,Insurance,GRP-0007_COMP-0045,0,,TRUE,2024-01-01,2024-05-01
LED-0451,COMP-0046,Capital Account,GRP-0001_COMP-0046,0,,TRUE,2024-01-01,2024-05-01
LED-0452,COMP-0046,Bank of India,GRP-0002_COMP-0046,50000,,TRUE,2024-01-01,2024-05-01
LED-0453,COMP-0046,HDFC Bank,GRP-0002_COMP-0046,10000,,TRUE,2024-01-01,2024-05-01
LED-0454,COMP-0046,Cash,GRP-0003_COMP-0046,50000,,TRUE,2024-01-01,2024-05-01
LED-0455,COMP-0046,Sales Account,GRP-0004_COMP-0046,0,,TRUE,2024-01-01,2024-05-01
LED-0456,COMP-0046,Purchase Account,GRP-0005_COMP-0046,0,,TRUE,2024-01-01,2024-05-01
LED-0457,COMP-0046,Salary,GRP-0006_COMP-0046,0,,TRUE,2024-01-01,2024-05-01
LED-0458,COMP-0046,Rent,GRP-0006_COMP-0046,0,,TRUE,2024-01-01,2024-05-01
LED-0459,COMP-0046,Telephone,GRP-0007_COMP-0046,0,,TRUE,2024-01-01,2024-05-01
LED-0460,COMP-0046,Insurance,GRP-0007_COMP-0046,0,,TRUE,2024-01-01,2024-05-01
LED-0461,COMP-0047,Capital Account,GRP-0001_COMP-0047,0,,TRUE,2024-01-01,2024-05-01
LED-0462,COMP-0047,Bank of India,GRP-0002_COMP-0047,0,,TRUE,2024-01-01,2024-05-01
LED-0463,COMP-0047,HDFC Bank,GRP-0002_COMP-0047,10000,,TRUE,2024-01-01,2024-05-01
LED-0464,COMP-0047,Cash,GRP-0003_COMP-0047,0,,TRUE,2024-01-01,2024-05-01
LED-0465,COMP-0047,Sales Account,GRP-0004_COMP-0047,0,,TRUE,2024-01-01,2024-05-01
LED-0466,COMP-0047,Purchase Account,GRP-0005_COMP-0047,0,,TRUE,2024-01-01,2024-05-01
LED-0467,COMP-0047,Salary,GRP-0006_COMP-0047,0,,TRUE,2024-01-01,2024-05-01
LED-0468,COMP-0047,Rent,GRP-0006_COMP-0047,0,,TRUE,2024-01-01,2024-05-01
LED-0469,COMP-0047,Telephone,GRP-0007_COMP-0047,0,,TRUE,2024-01-01,2024-05-01
LED-0470,COMP-0047,Insurance,GRP-0007_COMP-0047,0,,TRUE,2024-01-01,2024-05-01
LED-0471,COMP-0048,Capital Account,GRP-0001_COMP-0048,0,,TRUE,2024-01-01,2024-05-01
LED-0472,COMP-0048,Bank of India,GRP-0002_COMP-0048,50000,,TRUE,2024-01-01,2024-05-01
LED-0473,COMP-0048,HDFC Bank,GRP-0002_COMP-0048,0,,TRUE,2024-01-01,2024-05-01
LED-0474,COMP-0048,Cash,GRP-0003_COMP-0048,50000,,TRUE,2024-01-01,2024-05-01
LED-0475,COMP-0048,Sales Account,GRP-0004_COMP-0048,0,,TRUE,2024-01-01,2024-05-01
LED-0476,COMP-0048,Purchase Account,GRP-0005_COMP-0048,0,,TRUE,2024-01-01,2024-05-01
LED-0477,COMP-0048,Salary,GRP-0006_COMP-0048,0,,TRUE,2024-01-01,2024-05-01
LED-0478,COMP-0048,Rent,GRP-0006_COMP-0048,0,,TRUE,2024-01-01,2024-05-01
LED-0479,COMP-0048,Telephone,GRP-0007_COMP-0048,0,,TRUE,2024-01-01,2024-05-01
LED-0480,COMP-0048,Insurance,GRP-0007_COMP-0048,0,,TRUE,2024-01-01,2024-05-01
LED-0481,COMP-0049,Capital Account,GRP-0001_COMP-0049,0,,TRUE,2024-01-01,2024-05-01
LED-0482,COMP-0049,Bank of India,GRP-0002_COMP-0049,50000,,TRUE,2024-01-01,2024-05-01
LED-0483,COMP-0049,HDFC Bank,GRP-0002_COMP-0049,10000,,TRUE,2024-01-01,2024-05-01
LED-0484,COMP-0049,Cash,GRP-0003_COMP-0049,0,,TRUE,2024-01-01,2024-05-01
LED-0485,COMP-0049,Sales Account,GRP-0004_COMP-0049,0,,TRUE,2024-01-01,2024-05-01
LED-0486,COMP-0049,Purchase Account,GRP-0005_COMP-0049,0,,TRUE,2024-01-01,2024-05-01
LED-0487,COMP-0049,Salary,GRP-0006_COMP-0049,0,,TRUE,2024-01-01,2024-05-01
LED-0488,COMP-0049,Rent,GRP-0006_COMP-0049,0,,TRUE,2024-01-01,2024-05-01
LED-0489,COMP-0049,Telephone,GRP-0007_COMP-0049,0,,TRUE,2024-01-01,2024-05-01
LED-0490,COMP-0049,Insurance,GRP-0007_COMP-0049,0,,TRUE,2024-01-01,2024-05-01
LED-0491,COMP-0050,Capital Account,GRP-0001_COMP-0050,0,,TRUE,2024-01-01,2024-05-01
LED-0492,COMP-0050,Bank of India,GRP-0002_COMP-0050,0,,TRUE,2024-01-01,2024-05-01
LED-0493,COMP-0050,HDFC Bank,GRP-0002_COMP-0050,0,,TRUE,2024-01-01,2024-05-01
LED-0494,COMP-0050,Cash,GRP-0003_COMP-0050,50000,,TRUE,2024-01-01,2024-05-01
LED-0495,COMP-0050,Sales Account,GRP-0004_COMP-0050,0,,TRUE,2024-01-01,2024-05-01
LED-0496,COMP-0050,Purchase Account,GRP-0005_COMP-0050,0,,TRUE,2024-01-01,2024-05-01
LED-0497,COMP-0050,Salary,GRP-0006_COMP-0050,0,,TRUE,2024-01-01,2024-05-01
LED-0498,COMP-0050,Rent,GRP-0006_COMP-0050,0,,TRUE,2024-01-01,2024-05-01
LED-0499,COMP-0050,Telephone,GRP-0007_COMP-0050,0,,TRUE,2024-01-01,2024-05-01
LED-0500,COMP-0050,Insurance,GRP-0007_COMP-0050,0,,TRUE,2024-01-01,2024-05-01
