LogID,CompanyID,ReminderType,ReferenceID,Message,Status,SentAt,CreatedAt
REM-0001,COMP-0001,PaymentDue,REF-0001,Payment reminder for outstanding invoices - REF-0001,Pending,2024-05-18 00:00:00,2024-05-18 00:00:00
REM-0002,COMP-0001,CustomerInactive,REF-0002,Customer inactivity alert - REF-0002,Failed,2024-05-12 00:00:00,2024-05-12 00:00:00
REM-0003,COMP-0001,CustomerInactive,REF-0003,Customer inactivity alert - REF-0003,Failed,2024-06-24 00:00:00,2024-06-24 00:00:00
REM-0004,COMP-0001,PaymentDue,REF-0004,Payment reminder for outstanding invoices - REF-0004,Pending,2024-06-01 00:00:00,2024-06-01 00:00:00
REM-0005,COMP-0001,LowStock,REF-0005,Low stock alert for items below reorder level - REF-0005,Sent,2024-05-09 00:00:00,2024-05-09 00:00:00
REM-0006,COMP-0001,ExpiryAlert,REF-0006,Expiry alert for batch items nearing expiry - REF-0006,Sent,2024-04-17 00:00:00,2024-04-17 00:00:00
REM-0007,COMP-0001,ExpiryAlert,REF-0007,Expiry alert for batch items nearing expiry - REF-0007,Sent,2024-05-09 00:00:00,2024-05-09 00:00:00
REM-0008,COMP-0001,LowStock,REF-0008,Low stock alert for items below reorder level - REF-0008,Failed,2024-05-15 00:00:00,2024-05-15 00:00:00
REM-0009,COMP-0001,PaymentDue,REF-0009,Payment reminder for outstanding invoices - REF-0009,Sent,2024-06-29 00:00:00,2024-06-29 00:00:00
REM-0010,COMP-0001,ExpiryAlert,REF-0010,Expiry alert for batch items nearing expiry - REF-0010,Pending,2024-06-28 00:00:00,2024-06-28 00:00:00
REM-0011,COMP-0001,PaymentDue,REF-0011,Payment reminder for outstanding invoices - REF-0011,Failed,2024-05-16 00:00:00,2024-05-16 00:00:00
REM-0012,COMP-0001,CustomerInactive,REF-0012,Customer inactivity alert - REF-0012,Sent,2024-04-19 00:00:00,2024-04-19 00:00:00
REM-0013,COMP-0002,ExpiryAlert,REF-0013,Expiry alert for batch items nearing expiry - REF-0013,Failed,2024-06-19 00:00:00,2024-06-19 00:00:00
REM-0014,COMP-0002,LowStock,REF-0014,Low stock alert for items below reorder level - REF-0014,Pending,2024-04-05 00:00:00,2024-04-05 00:00:00
REM-0015,COMP-0002,ExpiryAlert,REF-0015,Expiry alert for batch items nearing expiry - REF-0015,Pending,2024-06-15 00:00:00,2024-06-15 00:00:00
REM-0016,COMP-0002,ExpiryAlert,REF-0016,Expiry alert for batch items nearing expiry - REF-0016,Pending,2024-06-22 00:00:00,2024-06-22 00:00:00
REM-0017,COMP-0002,ExpiryAlert,REF-0017,Expiry alert for batch items nearing expiry - REF-0017,Sent,2024-04-24 00:00:00,2024-04-24 00:00:00
REM-0018,COMP-0003,PaymentDue,REF-0018,Payment reminder for outstanding invoices - REF-0018,Pending,2024-06-13 00:00:00,2024-06-13 00:00:00
REM-0019,COMP-0003,CustomerInactive,REF-0019,Customer inactivity alert - REF-0019,Pending,2024-06-08 00:00:00,2024-06-08 00:00:00
REM-0020,COMP-0003,ExpiryAlert,REF-0020,Expiry alert for batch items nearing expiry - REF-0020,Pending,2024-04-01 00:00:00,2024-04-01 00:00:00
REM-0021,COMP-0003,CustomerInactive,REF-0021,Customer inactivity alert - REF-0021,Failed,2024-04-03 00:00:00,2024-04-03 00:00:00
REM-0022,COMP-0003,LowStock,REF-0022,Low stock alert for items below reorder level - REF-0022,Failed,2024-05-05 00:00:00,2024-05-05 00:00:00
REM-0023,COMP-0003,ExpiryAlert,REF-0023,Expiry alert for batch items nearing expiry - REF-0023,Pending,2024-06-22 00:00:00,2024-06-22 00:00:00
REM-0024,COMP-0003,PaymentDue,REF-0024,Payment reminder for outstanding invoices - REF-0024,Failed,2024-04-14 00:00:00,2024-04-14 00:00:00
REM-0025,COMP-0003,PaymentDue,REF-0025,Payment reminder for outstanding invoices - REF-0025,Pending,2024-04-09 00:00:00,2024-04-09 00:00:00
REM-0026,COMP-0004,CustomerInactive,REF-0026,Customer inactivity alert - REF-0026,Pending,2024-06-02 00:00:00,2024-06-02 00:00:00
REM-0027,COMP-0004,LowStock,REF-0027,Low stock alert for items below reorder level - REF-0027,Pending,2024-06-19 00:00:00,2024-06-19 00:00:00
REM-0028,COMP-0004,LowStock,REF-0028,Low stock alert for items below reorder level - REF-0028,Sent,2024-05-06 00:00:00,2024-05-06 00:00:00
REM-0029,COMP-0004,PaymentDue,REF-0029,Payment reminder for outstanding invoices - REF-0029,Failed,2024-04-01 00:00:00,2024-04-01 00:00:00
REM-0030,COMP-0004,CustomerInactive,REF-0030,Customer inactivity alert - REF-0030,Failed,2024-04-10 00:00:00,2024-04-10 00:00:00
REM-0031,COMP-0004,PaymentDue,REF-0031,Payment reminder for outstanding invoices - REF-0031,Sent,2024-06-19 00:00:00,2024-06-19 00:00:00
REM-0032,COMP-0004,LowStock,REF-0032,Low stock alert for items below reorder level - REF-0032,Pending,2024-04-20 00:00:00,2024-04-20 00:00:00
REM-0033,COMP-0005,LowStock,REF-0033,Low stock alert for items below reorder level - REF-0033,Failed,2024-05-12 00:00:00,2024-05-12 00:00:00
REM-0034,COMP-0005,PaymentDue,REF-0034,Payment reminder for outstanding invoices - REF-0034,Sent,2024-05-10 00:00:00,2024-05-10 00:00:00
REM-0035,COMP-0005,ExpiryAlert,REF-0035,Expiry alert for batch items nearing expiry - REF-0035,Failed,2024-04-12 00:00:00,2024-04-12 00:00:00
REM-0036,COMP-0005,PaymentDue,REF-0036,Payment reminder for outstanding invoices - REF-0036,Sent,2024-06-03 00:00:00,2024-06-03 00:00:00
REM-0037,COMP-0005,CustomerInactive,REF-0037,Customer inactivity alert - REF-0037,Pending,2024-05-09 00:00:00,2024-05-09 00:00:00
REM-0038,COMP-0005,PaymentDue,REF-0038,Payment reminder for outstanding invoices - REF-0038,Failed,2024-05-21 00:00:00,2024-05-21 00:00:00
REM-0039,COMP-0005,CustomerInactive,REF-0039,Customer inactivity alert - REF-0039,Pending,2024-04-12 00:00:00,2024-04-12 00:00:00
REM-0040,COMP-0005,LowStock,REF-0040,Low stock alert for items below reorder level - REF-0040,Pending,2024-06-27 00:00:00,2024-06-27 00:00:00
REM-0041,COMP-0005,ExpiryAlert,REF-0041,Expiry alert for batch items nearing expiry - REF-0041,Pending,2024-04-24 00:00:00,2024-04-24 00:00:00
REM-0042,COMP-0005,ExpiryAlert,REF-0042,Expiry alert for batch items nearing expiry - REF-0042,Pending,2024-05-12 00:00:00,2024-05-12 00:00:00
REM-0043,COMP-0005,PaymentDue,REF-0043,Payment reminder for outstanding invoices - REF-0043,Sent,2024-04-21 00:00:00,2024-04-21 00:00:00
REM-0044,COMP-0005,LowStock,REF-0044,Low stock alert for items below reorder level - REF-0044,Pending,2024-04-16 00:00:00,2024-04-16 00:00:00
REM-0045,COMP-0006,LowStock,REF-0045,Low stock alert for items below reorder level - REF-0045,Sent,2024-05-20 00:00:00,2024-05-20 00:00:00
REM-0046,COMP-0006,LowStock,REF-0046,Low stock alert for items below reorder level - REF-0046,Failed,2024-06-24 00:00:00,2024-06-24 00:00:00
REM-0047,COMP-0006,PaymentDue,REF-0047,Payment reminder for outstanding invoices - REF-0047,Pending,2024-05-07 00:00:00,2024-05-07 00:00:00
REM-0048,COMP-0006,CustomerInactive,REF-0048,Customer inactivity alert - REF-0048,Sent,2024-04-11 00:00:00,2024-04-11 00:00:00
REM-0049,COMP-0006,ExpiryAlert,REF-0049,Expiry alert for batch items nearing expiry - REF-0049,Sent,2024-06-25 00:00:00,2024-06-25 00:00:00
REM-0050,COMP-0006,CustomerInactive,REF-0050,Customer inactivity alert - REF-0050,Pending,2024-05-06 00:00:00,2024-05-06 00:00:00
REM-0051,COMP-0006,ExpiryAlert,REF-0051,Expiry alert for batch items nearing expiry - REF-0051,Pending,2024-04-08 00:00:00,2024-04-08 00:00:00
REM-0052,COMP-0006,PaymentDue,REF-0052,Payment reminder for outstanding invoices - REF-0052,Failed,2024-05-31 00:00:00,2024-05-31 00:00:00
REM-0053,COMP-0006,PaymentDue,REF-0053,Payment reminder for outstanding invoices - REF-0053,Pending,2024-06-24 00:00:00,2024-06-24 00:00:00
REM-0054,COMP-0007,PaymentDue,REF-0054,Payment reminder for outstanding invoices - REF-0054,Sent,2024-05-02 00:00:00,2024-05-02 00:00:00
REM-0055,COMP-0007,ExpiryAlert,REF-0055,Expiry alert for batch items nearing expiry - REF-0055,Sent,2024-05-27 00:00:00,2024-05-27 00:00:00
REM-0056,COMP-0007,LowStock,REF-0056,Low stock alert for items below reorder level - REF-0056,Pending,2024-05-21 00:00:00,2024-05-21 00:00:00
REM-0057,COMP-0007,PaymentDue,REF-0057,Payment reminder for outstanding invoices - REF-0057,Pending,2024-04-18 00:00:00,2024-04-18 00:00:00
REM-0058,COMP-0007,PaymentDue,REF-0058,Payment reminder for outstanding invoices - REF-0058,Failed,2024-06-20 00:00:00,2024-06-20 00:00:00
REM-0059,COMP-0008,LowStock,REF-0059,Low stock alert for items below reorder level - REF-0059,Sent,2024-04-01 00:00:00,2024-04-01 00:00:00
REM-0060,COMP-0008,PaymentDue,REF-0060,Payment reminder for outstanding invoices - REF-0060,Pending,2024-05-08 00:00:00,2024-05-08 00:00:00
REM-0061,COMP-0008,CustomerInactive,REF-0061,Customer inactivity alert - REF-0061,Sent,2024-05-14 00:00:00,2024-05-14 00:00:00
REM-0062,COMP-0008,PaymentDue,REF-0062,Payment reminder for outstanding invoices - REF-0062,Failed,2024-05-20 00:00:00,2024-05-20 00:00:00
REM-0063,COMP-0008,CustomerInactive,REF-0063,Customer inactivity alert - REF-0063,Pending,2024-05-14 00:00:00,2024-05-14 00:00:00
REM-0064,COMP-0008,PaymentDue,REF-0064,Payment reminder for outstanding invoices - REF-0064,Failed,2024-06-25 00:00:00,2024-06-25 00:00:00
REM-0065,COMP-0008,ExpiryAlert,REF-0065,Expiry alert for batch items nearing expiry - REF-0065,Sent,2024-05-13 00:00:00,2024-05-13 00:00:00
REM-0066,COMP-0009,LowStock,REF-0066,Low stock alert for items below reorder level - REF-0066,Pending,2024-04-28 00:00:00,2024-04-28 00:00:00
REM-0067,COMP-0009,ExpiryAlert,REF-0067,Expiry alert for batch items nearing expiry - REF-0067,Failed,2024-05-21 00:00:00,2024-05-21 00:00:00
REM-0068,COMP-0009,LowStock,REF-0068,Low stock alert for items below reorder level - REF-0068,Failed,2024-04-02 00:00:00,2024-04-02 00:00:00
REM-0069,COMP-0009,PaymentDue,REF-0069,Payment reminder for outstanding invoices - REF-0069,Pending,2024-05-14 00:00:00,2024-05-14 00:00:00
REM-0070,COMP-0009,ExpiryAlert,REF-0070,Expiry alert for batch items nearing expiry - REF-0070,Failed,2024-05-26 00:00:00,2024-05-26 00:00:00
REM-0071,COMP-0009,CustomerInactive,REF-0071,Customer inactivity alert - REF-0071,Failed,2024-04-15 00:00:00,2024-04-15 00:00:00
REM-0072,COMP-0009,PaymentDue,REF-0072,Payment reminder for outstanding invoices - REF-0072,Failed,2024-06-18 00:00:00,2024-06-18 00:00:00
REM-0073,COMP-0009,CustomerInactive,REF-0073,Customer inactivity alert - REF-0073,Failed,2024-05-18 00:00:00,2024-05-18 00:00:00
REM-0074,COMP-0010,PaymentDue,REF-0074,Payment reminder for outstanding invoices - REF-0074,Failed,2024-06-12 00:00:00,2024-06-12 00:00:00
REM-0075,COMP-0010,LowStock,REF-0075,Low stock alert for items below reorder level - REF-0075,Failed,2024-05-13 00:00:00,2024-05-13 00:00:00
REM-0076,COMP-0010,LowStock,REF-0076,Low stock alert for items below reorder level - REF-0076,Sent,2024-05-09 00:00:00,2024-05-09 00:00:00
REM-0077,COMP-0010,PaymentDue,REF-0077,Payment reminder for outstanding invoices - REF-0077,Failed,2024-04-11 00:00:00,2024-04-11 00:00:00
REM-0078,COMP-0010,PaymentDue,REF-0078,Payment reminder for outstanding invoices - REF-0078,Failed,2024-06-27 00:00:00,2024-06-27 00:00:00
REM-0079,COMP-0010,LowStock,REF-0079,Low stock alert for items below reorder level - REF-0079,Failed,2024-05-07 00:00:00,2024-05-07 00:00:00
REM-0080,COMP-0010,ExpiryAlert,REF-0080,Expiry alert for batch items nearing expiry - REF-0080,Failed,2024-06-14 00:00:00,2024-06-14 00:00:00
REM-0081,COMP-0011,PaymentDue,REF-0081,Payment reminder for outstanding invoices - REF-0081,Pending,2024-05-08 00:00:00,2024-05-08 00:00:00
REM-0082,COMP-0011,PaymentDue,REF-0082,Payment reminder for outstanding invoices - REF-0082,Sent,2024-04-01 00:00:00,2024-04-01 00:00:00
REM-0083,COMP-0011,ExpiryAlert,REF-0083,Expiry alert for batch items nearing expiry - REF-0083,Failed,2024-06-05 00:00:00,2024-06-05 00:00:00
REM-0084,COMP-0011,CustomerInactive,REF-0084,Customer inactivity alert - REF-0084,Failed,2024-06-30 00:00:00,2024-06-30 00:00:00
REM-0085,COMP-0011,LowStock,REF-0085,Low stock alert for items below reorder level - REF-0085,Failed,2024-06-14 00:00:00,2024-06-14 00:00:00
REM-0086,COMP-0011,ExpiryAlert,REF-0086,Expiry alert for batch items nearing expiry - REF-0086,Sent,2024-04-16 00:00:00,2024-04-16 00:00:00
REM-0087,COMP-0012,LowStock,REF-0087,Low stock alert for items below reorder level - REF-0087,Sent,2024-05-12 00:00:00,2024-05-12 00:00:00
REM-0088,COMP-0012,LowStock,REF-0088,Low stock alert for items below reorder level - REF-0088,Failed,2024-04-16 00:00:00,2024-04-16 00:00:00
REM-0089,COMP-0012,PaymentDue,REF-0089,Payment reminder for outstanding invoices - REF-0089,Pending,2024-04-04 00:00:00,2024-04-04 00:00:00
REM-0090,COMP-0012,PaymentDue,REF-0090,Payment reminder for outstanding invoices - REF-0090,Sent,2024-05-09 00:00:00,2024-05-09 00:00:00
REM-0091,COMP-0012,ExpiryAlert,REF-0091,Expiry alert for batch items nearing expiry - REF-0091,Failed,2024-04-07 00:00:00,2024-04-07 00:00:00
REM-0092,COMP-0012,CustomerInactive,REF-0092,Customer inactivity alert - REF-0092,Failed,2024-05-10 00:00:00,2024-05-10 00:00:00
REM-0093,COMP-0012,CustomerInactive,REF-0093,Customer inactivity alert - REF-0093,Pending,2024-06-04 00:00:00,2024-06-04 00:00:00
REM-0094,COMP-0012,ExpiryAlert,REF-0094,Expiry alert for batch items nearing expiry - REF-0094,Failed,2024-05-17 00:00:00,2024-05-17 00:00:00
REM-0095,COMP-0012,LowStock,REF-0095,Low stock alert for items below reorder level - REF-0095,Pending,2024-04-10 00:00:00,2024-04-10 00:00:00
REM-0096,COMP-0012,PaymentDue,REF-0096,Payment reminder for outstanding invoices - REF-0096,Sent,2024-04-24 00:00:00,2024-04-24 00:00:00
REM-0097,COMP-0012,CustomerInactive,REF-0097,Customer inactivity alert - REF-0097,Pending,2024-06-24 00:00:00,2024-06-24 00:00:00
REM-0098,COMP-0013,PaymentDue,REF-0098,Payment reminder for outstanding invoices - REF-0098,Pending,2024-05-12 00:00:00,2024-05-12 00:00:00
REM-0099,COMP-0013,ExpiryAlert,REF-0099,Expiry alert for batch items nearing expiry - REF-0099,Failed,2024-05-10 00:00:00,2024-05-10 00:00:00
REM-0100,COMP-0013,PaymentDue,REF-0100,Payment reminder for outstanding invoices - REF-0100,Pending,2024-06-21 00:00:00,2024-06-21 00:00:00
REM-0101,COMP-0013,LowStock,REF-0101,Low stock alert for items below reorder level - REF-0101,Failed,2024-04-25 00:00:00,2024-04-25 00:00:00
REM-0102,COMP-0013,PaymentDue,REF-0102,Payment reminder for outstanding invoices - REF-0102,Sent,2024-04-15 00:00:00,2024-04-15 00:00:00
REM-0103,COMP-0013,LowStock,REF-0103,Low stock alert for items below reorder level - REF-0103,Sent,2024-04-13 00:00:00,2024-04-13 00:00:00
REM-0104,COMP-0013,ExpiryAlert,REF-0104,Expiry alert for batch items nearing expiry - REF-0104,Sent,2024-06-06 00:00:00,2024-06-06 00:00:00
REM-0105,COMP-0013,PaymentDue,REF-0105,Payment reminder for outstanding invoices - REF-0105,Pending,2024-04-28 00:00:00,2024-04-28 00:00:00
REM-0106,COMP-0013,LowStock,REF-0106,Low stock alert for items below reorder level - REF-0106,Sent,2024-05-22 00:00:00,2024-05-22 00:00:00
REM-0107,COMP-0013,LowStock,REF-0107,Low stock alert for items below reorder level - REF-0107,Failed,2024-05-08 00:00:00,2024-05-08 00:00:00
REM-0108,COMP-0013,PaymentDue,REF-0108,Payment reminder for outstanding invoices - REF-0108,Failed,2024-05-03 00:00:00,2024-05-03 00:00:00
REM-0109,COMP-0013,LowStock,REF-0109,Low stock alert for items below reorder level - REF-0109,Failed,2024-04-17 00:00:00,2024-04-17 00:00:00
REM-0110,COMP-0013,CustomerInactive,REF-0110,Customer inactivity alert - REF-0110,Sent,2024-05-03 00:00:00,2024-05-03 00:00:00
REM-0111,COMP-0013,CustomerInactive,REF-0111,Customer inactivity alert - REF-0111,Sent,2024-05-21 00:00:00,2024-05-21 00:00:00
REM-0112,COMP-0013,LowStock,REF-0112,Low stock alert for items below reorder level - REF-0112,Sent,2024-06-20 00:00:00,2024-06-20 00:00:00
REM-0113,COMP-0014,ExpiryAlert,REF-0113,Expiry alert for batch items nearing expiry - REF-0113,Sent,2024-04-18 00:00:00,2024-04-18 00:00:00
REM-0114,COMP-0014,LowStock,REF-0114,Low stock alert for items below reorder level - REF-0114,Sent,2024-05-03 00:00:00,2024-05-03 00:00:00
REM-0115,COMP-0014,CustomerInactive,REF-0115,Customer inactivity alert - REF-0115,Pending,2024-06-08 00:00:00,2024-06-08 00:00:00
REM-0116,COMP-0014,CustomerInactive,REF-0116,Customer inactivity alert - REF-0116,Pending,2024-04-06 00:00:00,2024-04-06 00:00:00
REM-0117,COMP-0014,PaymentDue,REF-0117,Payment reminder for outstanding invoices - REF-0117,Pending,2024-05-20 00:00:00,2024-05-20 00:00:00
REM-0118,COMP-0015,LowStock,REF-0118,Low stock alert for items below reorder level - REF-0118,Failed,2024-06-19 00:00:00,2024-06-19 00:00:00
REM-0119,COMP-0015,CustomerInactive,REF-0119,Customer inactivity alert - REF-0119,Failed,2024-06-21 00:00:00,2024-06-21 00:00:00
REM-0120,COMP-0015,CustomerInactive,REF-0120,Customer inactivity alert - REF-0120,Failed,2024-06-30 00:00:00,2024-06-30 00:00:00
REM-0121,COMP-0015,CustomerInactive,REF-0121,Customer inactivity alert - REF-0121,Pending,2024-05-21 00:00:00,2024-05-21 00:00:00
REM-0122,COMP-0015,CustomerInactive,REF-0122,Customer inactivity alert - REF-0122,Pending,2024-04-07 00:00:00,2024-04-07 00:00:00
REM-0123,COMP-0015,PaymentDue,REF-0123,Payment reminder for outstanding invoices - REF-0123,Sent,2024-04-18 00:00:00,2024-04-18 00:00:00
REM-0124,COMP-0015,ExpiryAlert,REF-0124,Expiry alert for batch items nearing expiry - REF-0124,Sent,2024-05-28 00:00:00,2024-05-28 00:00:00
REM-0125,COMP-0016,PaymentDue,REF-0125,Payment reminder for outstanding invoices - REF-0125,Sent,2024-06-28 00:00:00,2024-06-28 00:00:00
REM-0126,COMP-0016,LowStock,REF-0126,Low stock alert for items below reorder level - REF-0126,Failed,2024-05-01 00:00:00,2024-05-01 00:00:00
REM-0127,COMP-0016,ExpiryAlert,REF-0127,Expiry alert for batch items nearing expiry - REF-0127,Sent,2024-04-05 00:00:00,2024-04-05 00:00:00
REM-0128,COMP-0016,CustomerInactive,REF-0128,Customer inactivity alert - REF-0128,Sent,2024-04-03 00:00:00,2024-04-03 00:00:00
REM-0129,COMP-0016,CustomerInactive,REF-0129,Customer inactivity alert - REF-0129,Sent,2024-05-07 00:00:00,2024-05-07 00:00:00
REM-0130,COMP-0016,ExpiryAlert,REF-0130,Expiry alert for batch items nearing expiry - REF-0130,Sent,2024-05-15 00:00:00,2024-05-15 00:00:00
REM-0131,COMP-0016,ExpiryAlert,REF-0131,Expiry alert for batch items nearing expiry - REF-0131,Pending,2024-05-26 00:00:00,2024-05-26 00:00:00
REM-0132,COMP-0016,CustomerInactive,REF-0132,Customer inactivity alert - REF-0132,Failed,2024-04-09 00:00:00,2024-04-09 00:00:00
REM-0133,COMP-0016,LowStock,REF-0133,Low stock alert for items below reorder level - REF-0133,Failed,2024-06-25 00:00:00,2024-06-25 00:00:00
REM-0134,COMP-0017,CustomerInactive,REF-0134,Customer inactivity alert - REF-0134,Failed,2024-06-02 00:00:00,2024-06-02 00:00:00
REM-0135,COMP-0017,LowStock,REF-0135,Low stock alert for items below reorder level - REF-0135,Failed,2024-06-30 00:00:00,2024-06-30 00:00:00
REM-0136,COMP-0017,ExpiryAlert,REF-0136,Expiry alert for batch items nearing expiry - REF-0136,Failed,2024-06-10 00:00:00,2024-06-10 00:00:00
REM-0137,COMP-0017,LowStock,REF-0137,Low stock alert for items below reorder level - REF-0137,Failed,2024-04-24 00:00:00,2024-04-24 00:00:00
REM-0138,COMP-0017,PaymentDue,REF-0138,Payment reminder for outstanding invoices - REF-0138,Failed,2024-06-24 00:00:00,2024-06-24 00:00:00
REM-0139,COMP-0017,LowStock,REF-0139,Low stock alert for items below reorder level - REF-0139,Pending,2024-04-22 00:00:00,2024-04-22 00:00:00
REM-0140,COMP-0017,LowStock,REF-0140,Low stock alert for items below reorder level - REF-0140,Failed,2024-06-22 00:00:00,2024-06-22 00:00:00
REM-0141,COMP-0018,CustomerInactive,REF-0141,Customer inactivity alert - REF-0141,Failed,2024-04-22 00:00:00,2024-04-22 00:00:00
REM-0142,COMP-0018,CustomerInactive,REF-0142,Customer inactivity alert - REF-0142,Failed,2024-06-23 00:00:00,2024-06-23 00:00:00
REM-0143,COMP-0018,CustomerInactive,REF-0143,Customer inactivity alert - REF-0143,Failed,2024-04-03 00:00:00,2024-04-03 00:00:00
REM-0144,COMP-0018,ExpiryAlert,REF-0144,Expiry alert for batch items nearing expiry - REF-0144,Sent,2024-04-06 00:00:00,2024-04-06 00:00:00
REM-0145,COMP-0018,LowStock,REF-0145,Low stock alert for items below reorder level - REF-0145,Pending,2024-06-23 00:00:00,2024-06-23 00:00:00
REM-0146,COMP-0018,LowStock,REF-0146,Low stock alert for items below reorder level - REF-0146,Sent,2024-05-29 00:00:00,2024-05-29 00:00:00
REM-0147,COMP-0018,ExpiryAlert,REF-0147,Expiry alert for batch items nearing expiry - REF-0147,Failed,2024-06-06 00:00:00,2024-06-06 00:00:00
REM-0148,COMP-0018,PaymentDue,REF-0148,Payment reminder for outstanding invoices - REF-0148,Sent,2024-05-01 00:00:00,2024-05-01 00:00:00
REM-0149,COMP-0018,LowStock,REF-0149,Low stock alert for items below reorder level - REF-0149,Failed,2024-05-25 00:00:00,2024-05-25 00:00:00
REM-0150,COMP-0018,LowStock,REF-0150,Low stock alert for items below reorder level - REF-0150,Pending,2024-04-11 00:00:00,2024-04-11 00:00:00
REM-0151,COMP-0018,ExpiryAlert,REF-0151,Expiry alert for batch items nearing expiry - REF-0151,Failed,2024-05-02 00:00:00,2024-05-02 00:00:00
REM-0152,COMP-0018,PaymentDue,REF-0152,Payment reminder for outstanding invoices - REF-0152,Pending,2024-05-30 00:00:00,2024-05-30 00:00:00
REM-0153,COMP-0018,CustomerInactive,REF-0153,Customer inactivity alert - REF-0153,Failed,2024-04-01 00:00:00,2024-04-01 00:00:00
REM-0154,COMP-0018,CustomerInactive,REF-0154,Customer inactivity alert - REF-0154,Pending,2024-04-01 00:00:00,2024-04-01 00:00:00
REM-0155,COMP-0018,PaymentDue,REF-0155,Payment reminder for outstanding invoices - REF-0155,Failed,2024-05-18 00:00:00,2024-05-18 00:00:00
REM-0156,COMP-0019,ExpiryAlert,REF-0156,Expiry alert for batch items nearing expiry - REF-0156,Failed,2024-06-10 00:00:00,2024-06-10 00:00:00
REM-0157,COMP-0019,CustomerInactive,REF-0157,Customer inactivity alert - REF-0157,Sent,2024-05-07 00:00:00,2024-05-07 00:00:00
REM-0158,COMP-0019,CustomerInactive,REF-0158,Customer inactivity alert - REF-0158,Pending,2024-05-15 00:00:00,2024-05-15 00:00:00
REM-0159,COMP-0019,CustomerInactive,REF-0159,Customer inactivity alert - REF-0159,Failed,2024-06-04 00:00:00,2024-06-04 00:00:00
REM-0160,COMP-0019,LowStock,REF-0160,Low stock alert for items below reorder level - REF-0160,Sent,2024-05-24 00:00:00,2024-05-24 00:00:00
REM-0161,COMP-0019,PaymentDue,REF-0161,Payment reminder for outstanding invoices - REF-0161,Pending,2024-05-01 00:00:00,2024-05-01 00:00:00
REM-0162,COMP-0019,ExpiryAlert,REF-0162,Expiry alert for batch items nearing expiry - REF-0162,Sent,2024-06-14 00:00:00,2024-06-14 00:00:00
REM-0163,COMP-0019,ExpiryAlert,REF-0163,Expiry alert for batch items nearing expiry - REF-0163,Failed,2024-06-18 00:00:00,2024-06-18 00:00:00
REM-0164,COMP-0019,ExpiryAlert,REF-0164,Expiry alert for batch items nearing expiry - REF-0164,Pending,2024-05-06 00:00:00,2024-05-06 00:00:00
REM-0165,COMP-0019,LowStock,REF-0165,Low stock alert for items below reorder level - REF-0165,Pending,2024-04-22 00:00:00,2024-04-22 00:00:00
REM-0166,COMP-0019,ExpiryAlert,REF-0166,Expiry alert for batch items nearing expiry - REF-0166,Pending,2024-06-14 00:00:00,2024-06-14 00:00:00
REM-0167,COMP-0019,LowStock,REF-0167,Low stock alert for items below reorder level - REF-0167,Sent,2024-04-13 00:00:00,2024-04-13 00:00:00
REM-0168,COMP-0019,PaymentDue,REF-0168,Payment reminder for outstanding invoices - REF-0168,Failed,2024-06-30 00:00:00,2024-06-30 00:00:00
REM-0169,COMP-0020,PaymentDue,REF-0169,Payment reminder for outstanding invoices - REF-0169,Pending,2024-06-18 00:00:00,2024-06-18 00:00:00
REM-0170,COMP-0020,PaymentDue,REF-0170,Payment reminder for outstanding invoices - REF-0170,Failed,2024-05-08 00:00:00,2024-05-08 00:00:00
REM-0171,COMP-0020,LowStock,REF-0171,Low stock alert for items below reorder level - REF-0171,Failed,2024-05-23 00:00:00,2024-05-23 00:00:00
REM-0172,COMP-0020,ExpiryAlert,REF-0172,Expiry alert for batch items nearing expiry - REF-0172,Sent,2024-06-28 00:00:00,2024-06-28 00:00:00
REM-0173,COMP-0020,PaymentDue,REF-0173,Payment reminder for outstanding invoices - REF-0173,Sent,2024-06-30 00:00:00,2024-06-30 00:00:00
REM-0174,COMP-0020,CustomerInactive,REF-0174,Customer inactivity alert - REF-0174,Pending,2024-06-16 00:00:00,2024-06-16 00:00:00
REM-0175,COMP-0020,ExpiryAlert,REF-0175,Expiry alert for batch items nearing expiry - REF-0175,Sent,2024-05-10 00:00:00,2024-05-10 00:00:00
REM-0176,COMP-0020,LowStock,REF-0176,Low stock alert for items below reorder level - REF-0176,Pending,2024-06-26 00:00:00,2024-06-26 00:00:00
REM-0177,COMP-0020,CustomerInactive,REF-0177,Customer inactivity alert - REF-0177,Pending,2024-04-30 00:00:00,2024-04-30 00:00:00
REM-0178,COMP-0020,PaymentDue,REF-0178,Payment reminder for outstanding invoices - REF-0178,Pending,2024-06-17 00:00:00,2024-06-17 00:00:00
REM-0179,COMP-0021,PaymentDue,REF-0179,Payment reminder for outstanding invoices - REF-0179,Pending,2024-05-03 00:00:00,2024-05-03 00:00:00
REM-0180,COMP-0021,CustomerInactive,REF-0180,Customer inactivity alert - REF-0180,Sent,2024-05-01 00:00:00,2024-05-01 00:00:00
REM-0181,COMP-0021,LowStock,REF-0181,Low stock alert for items below reorder level - REF-0181,Pending,2024-04-19 00:00:00,2024-04-19 00:00:00
REM-0182,COMP-0021,CustomerInactive,REF-0182,Customer inactivity alert - REF-0182,Failed,2024-04-18 00:00:00,2024-04-18 00:00:00
REM-0183,COMP-0021,CustomerInactive,REF-0183,Customer inactivity alert - REF-0183,Sent,2024-06-02 00:00:00,2024-06-02 00:00:00
REM-0184,COMP-0022,LowStock,REF-0184,Low stock alert for items below reorder level - REF-0184,Sent,2024-06-26 00:00:00,2024-06-26 00:00:00
REM-0185,COMP-0022,PaymentDue,REF-0185,Payment reminder for outstanding invoices - REF-0185,Sent,2024-06-21 00:00:00,2024-06-21 00:00:00
REM-0186,COMP-0022,PaymentDue,REF-0186,Payment reminder for outstanding invoices - REF-0186,Pending,2024-06-06 00:00:00,2024-06-06 00:00:00
REM-0187,COMP-0022,LowStock,REF-0187,Low stock alert for items below reorder level - REF-0187,Pending,2024-04-09 00:00:00,2024-04-09 00:00:00
REM-0188,COMP-0022,CustomerInactive,REF-0188,Customer inactivity alert - REF-0188,Failed,2024-05-10 00:00:00,2024-05-10 00:00:00
REM-0189,COMP-0022,ExpiryAlert,REF-0189,Expiry alert for batch items nearing expiry - REF-0189,Sent,2024-06-27 00:00:00,2024-06-27 00:00:00
REM-0190,COMP-0022,PaymentDue,REF-0190,Payment reminder for outstanding invoices - REF-0190,Sent,2024-04-16 00:00:00,2024-04-16 00:00:00
REM-0191,COMP-0022,ExpiryAlert,REF-0191,Expiry alert for batch items nearing expiry - REF-0191,Failed,2024-05-27 00:00:00,2024-05-27 00:00:00
REM-0192,COMP-0023,CustomerInactive,REF-0192,Customer inactivity alert - REF-0192,Sent,2024-05-02 00:00:00,2024-05-02 00:00:00
REM-0193,COMP-0023,PaymentDue,REF-0193,Payment reminder for outstanding invoices - REF-0193,Pending,2024-04-10 00:00:00,2024-04-10 00:00:00
REM-0194,COMP-0023,LowStock,REF-0194,Low stock alert for items below reorder level - REF-0194,Sent,2024-06-17 00:00:00,2024-06-17 00:00:00
REM-0195,COMP-0023,PaymentDue,REF-0195,Payment reminder for outstanding invoices - REF-0195,Failed,2024-04-14 00:00:00,2024-04-14 00:00:00
REM-0196,COMP-0023,CustomerInactive,REF-0196,Customer inactivity alert - REF-0196,Sent,2024-06-04 00:00:00,2024-06-04 00:00:00
REM-0197,COMP-0023,PaymentDue,REF-0197,Payment reminder for outstanding invoices - REF-0197,Pending,2024-05-01 00:00:00,2024-05-01 00:00:00
REM-0198,COMP-0023,ExpiryAlert,REF-0198,Expiry alert for batch items nearing expiry - REF-0198,Failed,2024-05-13 00:00:00,2024-05-13 00:00:00
REM-0199,COMP-0023,PaymentDue,REF-0199,Payment reminder for outstanding invoices - REF-0199,Sent,2024-04-04 00:00:00,2024-04-04 00:00:00
REM-0200,COMP-0023,PaymentDue,REF-0200,Payment reminder for outstanding invoices - REF-0200,Failed,2024-06-08 00:00:00,2024-06-08 00:00:00
REM-0201,COMP-0023,LowStock,REF-0201,Low stock alert for items below reorder level - REF-0201,Failed,2024-04-03 00:00:00,2024-04-03 00:00:00
REM-0202,COMP-0023,ExpiryAlert,REF-0202,Expiry alert for batch items nearing expiry - REF-0202,Failed,2024-05-24 00:00:00,2024-05-24 00:00:00
REM-0203,COMP-0024,PaymentDue,REF-0203,Payment reminder for outstanding invoices - REF-0203,Sent,2024-04-12 00:00:00,2024-04-12 00:00:00
REM-0204,COMP-0024,PaymentDue,REF-0204,Payment reminder for outstanding invoices - REF-0204,Failed,2024-04-17 00:00:00,2024-04-17 00:00:00
REM-0205,COMP-0024,ExpiryAlert,REF-0205,Expiry alert for batch items nearing expiry - REF-0205,Sent,2024-04-20 00:00:00,2024-04-20 00:00:00
REM-0206,COMP-0024,ExpiryAlert,REF-0206,Expiry alert for batch items nearing expiry - REF-0206,Sent,2024-06-30 00:00:00,2024-06-30 00:00:00
REM-0207,COMP-0024,PaymentDue,REF-0207,Payment reminder for outstanding invoices - REF-0207,Pending,2024-06-09 00:00:00,2024-06-09 00:00:00
REM-0208,COMP-0024,LowStock,REF-0208,Low stock alert for items below reorder level - REF-0208,Failed,2024-04-06 00:00:00,2024-04-06 00:00:00
REM-0209,COMP-0024,CustomerInactive,REF-0209,Customer inactivity alert - REF-0209,Sent,2024-05-04 00:00:00,2024-05-04 00:00:00
REM-0210,COMP-0024,CustomerInactive,REF-0210,Customer inactivity alert - REF-0210,Failed,2024-05-25 00:00:00,2024-05-25 00:00:00
REM-0211,COMP-0024,LowStock,REF-0211,Low stock alert for items below reorder level - REF-0211,Sent,2024-05-28 00:00:00,2024-05-28 00:00:00
REM-0212,COMP-0024,ExpiryAlert,REF-0212,Expiry alert for batch items nearing expiry - REF-0212,Failed,2024-04-09 00:00:00,2024-04-09 00:00:00
REM-0213,COMP-0025,CustomerInactive,REF-0213,Customer inactivity alert - REF-0213,Sent,2024-06-13 00:00:00,2024-06-13 00:00:00
REM-0214,COMP-0025,LowStock,REF-0214,Low stock alert for items below reorder level - REF-0214,Sent,2024-04-27 00:00:00,2024-04-27 00:00:00
REM-0215,COMP-0025,LowStock,REF-0215,Low stock alert for items below reorder level - REF-0215,Failed,2024-05-06 00:00:00,2024-05-06 00:00:00
REM-0216,COMP-0025,CustomerInactive,REF-0216,Customer inactivity alert - REF-0216,Pending,2024-05-10 00:00:00,2024-05-10 00:00:00
REM-0217,COMP-0025,LowStock,REF-0217,Low stock alert for items below reorder level - REF-0217,Pending,2024-04-28 00:00:00,2024-04-28 00:00:00
REM-0218,COMP-0025,LowStock,REF-0218,Low stock alert for items below reorder level - REF-0218,Sent,2024-05-10 00:00:00,2024-05-10 00:00:00
REM-0219,COMP-0025,CustomerInactive,REF-0219,Customer inactivity alert - REF-0219,Pending,2024-04-06 00:00:00,2024-04-06 00:00:00
REM-0220,COMP-0025,PaymentDue,REF-0220,Payment reminder for outstanding invoices - REF-0220,Sent,2024-04-09 00:00:00,2024-04-09 00:00:00
REM-0221,COMP-0025,CustomerInactive,REF-0221,Customer inactivity alert - REF-0221,Sent,2024-05-08 00:00:00,2024-05-08 00:00:00
REM-0222,COMP-0025,PaymentDue,REF-0222,Payment reminder for outstanding invoices - REF-0222,Failed,2024-04-09 00:00:00,2024-04-09 00:00:00
REM-0223,COMP-0025,PaymentDue,REF-0223,Payment reminder for outstanding invoices - REF-0223,Sent,2024-05-08 00:00:00,2024-05-08 00:00:00
REM-0224,COMP-0025,LowStock,REF-0224,Low stock alert for items below reorder level - REF-0224,Pending,2024-04-16 00:00:00,2024-04-16 00:00:00
REM-0225,COMP-0025,ExpiryAlert,REF-0225,Expiry alert for batch items nearing expiry - REF-0225,Failed,2024-05-17 00:00:00,2024-05-17 00:00:00
REM-0226,COMP-0025,ExpiryAlert,REF-0226,Expiry alert for batch items nearing expiry - REF-0226,Sent,2024-05-29 00:00:00,2024-05-29 00:00:00
REM-0227,COMP-0026,LowStock,REF-0227,Low stock alert for items below reorder level - REF-0227,Failed,2024-05-31 00:00:00,2024-05-31 00:00:00
REM-0228,COMP-0026,LowStock,REF-0228,Low stock alert for items below reorder level - REF-0228,Failed,2024-06-27 00:00:00,2024-06-27 00:00:00
REM-0229,COMP-0026,ExpiryAlert,REF-0229,Expiry alert for batch items nearing expiry - REF-0229,Pending,2024-04-30 00:00:00,2024-04-30 00:00:00
REM-0230,COMP-0026,CustomerInactive,REF-0230,Customer inactivity alert - REF-0230,Sent,2024-06-28 00:00:00,2024-06-28 00:00:00
REM-0231,COMP-0026,PaymentDue,REF-0231,Payment reminder for outstanding invoices - REF-0231,Pending,2024-06-24 00:00:00,2024-06-24 00:00:00
REM-0232,COMP-0027,CustomerInactive,REF-0232,Customer inactivity alert - REF-0232,Failed,2024-04-10 00:00:00,2024-04-10 00:00:00
REM-0233,COMP-0027,CustomerInactive,REF-0233,Customer inactivity alert - REF-0233,Pending,2024-06-10 00:00:00,2024-06-10 00:00:00
REM-0234,COMP-0027,CustomerInactive,REF-0234,Customer inactivity alert - REF-0234,Failed,2024-05-25 00:00:00,2024-05-25 00:00:00
REM-0235,COMP-0027,ExpiryAlert,REF-0235,Expiry alert for batch items nearing expiry - REF-0235,Sent,2024-05-27 00:00:00,2024-05-27 00:00:00
REM-0236,COMP-0027,CustomerInactive,REF-0236,Customer inactivity alert - REF-0236,Pending,2024-04-28 00:00:00,2024-04-28 00:00:00
REM-0237,COMP-0027,PaymentDue,REF-0237,Payment reminder for outstanding invoices - REF-0237,Sent,2024-06-24 00:00:00,2024-06-24 00:00:00
REM-0238,COMP-0027,PaymentDue,REF-0238,Payment reminder for outstanding invoices - REF-0238,Failed,2024-04-28 00:00:00,2024-04-28 00:00:00
REM-0239,COMP-0027,LowStock,REF-0239,Low stock alert for items below reorder level - REF-0239,Failed,2024-06-13 00:00:00,2024-06-13 00:00:00
REM-0240,COMP-0027,LowStock,REF-0240,Low stock alert for items below reorder level - REF-0240,Sent,2024-05-29 00:00:00,2024-05-29 00:00:00
REM-0241,COMP-0027,CustomerInactive,REF-0241,Customer inactivity alert - REF-0241,Sent,2024-05-06 00:00:00,2024-05-06 00:00:00
REM-0242,COMP-0027,ExpiryAlert,REF-0242,Expiry alert for batch items nearing expiry - REF-0242,Pending,2024-04-05 00:00:00,2024-04-05 00:00:00
REM-0243,COMP-0028,ExpiryAlert,REF-0243,Expiry alert for batch items nearing expiry - REF-0243,Pending,2024-06-15 00:00:00,2024-06-15 00:00:00
REM-0244,COMP-0028,CustomerInactive,REF-0244,Customer inactivity alert - REF-0244,Failed,2024-05-14 00:00:00,2024-05-14 00:00:00
REM-0245,COMP-0028,CustomerInactive,REF-0245,Customer inactivity alert - REF-0245,Failed,2024-04-11 00:00:00,2024-04-11 00:00:00
REM-0246,COMP-0028,ExpiryAlert,REF-0246,Expiry alert for batch items nearing expiry - REF-0246,Sent,2024-04-29 00:00:00,2024-04-29 00:00:00
REM-0247,COMP-0028,PaymentDue,REF-0247,Payment reminder for outstanding invoices - REF-0247,Pending,2024-06-08 00:00:00,2024-06-08 00:00:00
REM-0248,COMP-0028,CustomerInactive,REF-0248,Customer inactivity alert - REF-0248,Pending,2024-06-14 00:00:00,2024-06-14 00:00:00
REM-0249,COMP-0029,LowStock,REF-0249,Low stock alert for items below reorder level - REF-0249,Failed,2024-04-06 00:00:00,2024-04-06 00:00:00
REM-0250,COMP-0029,PaymentDue,REF-0250,Payment reminder for outstanding invoices - REF-0250,Pending,2024-06-21 00:00:00,2024-06-21 00:00:00
REM-0251,COMP-0029,ExpiryAlert,REF-0251,Expiry alert for batch items nearing expiry - REF-0251,Failed,2024-06-02 00:00:00,2024-06-02 00:00:00
REM-0252,COMP-0029,LowStock,REF-0252,Low stock alert for items below reorder level - REF-0252,Failed,2024-05-13 00:00:00,2024-05-13 00:00:00
REM-0253,COMP-0029,ExpiryAlert,REF-0253,Expiry alert for batch items nearing expiry - REF-0253,Sent,2024-04-14 00:00:00,2024-04-14 00:00:00
REM-0254,COMP-0029,CustomerInactive,REF-0254,Customer inactivity alert - REF-0254,Failed,2024-06-24 00:00:00,2024-06-24 00:00:00
REM-0255,COMP-0029,PaymentDue,REF-0255,Payment reminder for outstanding invoices - REF-0255,Pending,2024-04-18 00:00:00,2024-04-18 00:00:00
REM-0256,COMP-0029,ExpiryAlert,REF-0256,Expiry alert for batch items nearing expiry - REF-0256,Failed,2024-05-06 00:00:00,2024-05-06 00:00:00
REM-0257,COMP-0029,LowStock,REF-0257,Low stock alert for items below reorder level - REF-0257,Failed,2024-04-25 00:00:00,2024-04-25 00:00:00
REM-0258,COMP-0029,CustomerInactive,REF-0258,Customer inactivity alert - REF-0258,Sent,2024-04-24 00:00:00,2024-04-24 00:00:00
REM-0259,COMP-0029,ExpiryAlert,REF-0259,Expiry alert for batch items nearing expiry - REF-0259,Pending,2024-06-26 00:00:00,2024-06-26 00:00:00
REM-0260,COMP-0029,CustomerInactive,REF-0260,Customer inactivity alert - REF-0260,Sent,2024-04-04 00:00:00,2024-04-04 00:00:00
REM-0261,COMP-0029,ExpiryAlert,REF-0261,Expiry alert for batch items nearing expiry - REF-0261,Pending,2024-06-06 00:00:00,2024-06-06 00:00:00
REM-0262,COMP-0029,PaymentDue,REF-0262,Payment reminder for outstanding invoices - REF-0262,Sent,2024-05-29 00:00:00,2024-05-29 00:00:00
REM-0263,COMP-0029,CustomerInactive,REF-0263,Customer inactivity alert - REF-0263,Failed,2024-04-07 00:00:00,2024-04-07 00:00:00
REM-0264,COMP-0030,LowStock,REF-0264,Low stock alert for items below reorder level - REF-0264,Pending,2024-05-16 00:00:00,2024-05-16 00:00:00
REM-0265,COMP-0030,ExpiryAlert,REF-0265,Expiry alert for batch items nearing expiry - REF-0265,Sent,2024-06-11 00:00:00,2024-06-11 00:00:00
REM-0266,COMP-0030,ExpiryAlert,REF-0266,Expiry alert for batch items nearing expiry - REF-0266,Pending,2024-04-08 00:00:00,2024-04-08 00:00:00
REM-0267,COMP-0030,ExpiryAlert,REF-0267,Expiry alert for batch items nearing expiry - REF-0267,Failed,2024-06-27 00:00:00,2024-06-27 00:00:00
REM-0268,COMP-0030,LowStock,REF-0268,Low stock alert for items below reorder level - REF-0268,Failed,2024-05-14 00:00:00,2024-05-14 00:00:00
REM-0269,COMP-0030,ExpiryAlert,REF-0269,Expiry alert for batch items nearing expiry - REF-0269,Pending,2024-05-11 00:00:00,2024-05-11 00:00:00
REM-0270,COMP-0031,CustomerInactive,REF-0270,Customer inactivity alert - REF-0270,Pending,2024-05-28 00:00:00,2024-05-28 00:00:00
REM-0271,COMP-0031,LowStock,REF-0271,Low stock alert for items below reorder level - REF-0271,Failed,2024-05-30 00:00:00,2024-05-30 00:00:00
REM-0272,COMP-0031,PaymentDue,REF-0272,Payment reminder for outstanding invoices - REF-0272,Sent,2024-04-18 00:00:00,2024-04-18 00:00:00
REM-0273,COMP-0031,CustomerInactive,REF-0273,Customer inactivity alert - REF-0273,Sent,2024-04-05 00:00:00,2024-04-05 00:00:00
REM-0274,COMP-0031,PaymentDue,REF-0274,Payment reminder for outstanding invoices - REF-0274,Pending,2024-06-26 00:00:00,2024-06-26 00:00:00
REM-0275,COMP-0032,ExpiryAlert,REF-0275,Expiry alert for batch items nearing expiry - REF-0275,Pending,2024-06-19 00:00:00,2024-06-19 00:00:00
REM-0276,COMP-0032,PaymentDue,REF-0276,Payment reminder for outstanding invoices - REF-0276,Sent,2024-04-09 00:00:00,2024-04-09 00:00:00
REM-0277,COMP-0032,CustomerInactive,REF-0277,Customer inactivity alert - REF-0277,Sent,2024-05-08 00:00:00,2024-05-08 00:00:00
REM-0278,COMP-0032,CustomerInactive,REF-0278,Customer inactivity alert - REF-0278,Pending,2024-06-28 00:00:00,2024-06-28 00:00:00
REM-0279,COMP-0032,CustomerInactive,REF-0279,Customer inactivity alert - REF-0279,Failed,2024-06-25 00:00:00,2024-06-25 00:00:00
REM-0280,COMP-0033,PaymentDue,REF-0280,Payment reminder for outstanding invoices - REF-0280,Sent,2024-05-06 00:00:00,2024-05-06 00:00:00
REM-0281,COMP-0033,ExpiryAlert,REF-0281,Expiry alert for batch items nearing expiry - REF-0281,Failed,2024-06-28 00:00:00,2024-06-28 00:00:00
REM-0282,COMP-0033,CustomerInactive,REF-0282,Customer inactivity alert - REF-0282,Pending,2024-05-25 00:00:00,2024-05-25 00:00:00
REM-0283,COMP-0033,CustomerInactive,REF-0283,Customer inactivity alert - REF-0283,Pending,2024-04-11 00:00:00,2024-04-11 00:00:00
REM-0284,COMP-0033,LowStock,REF-0284,Low stock alert for items below reorder level - REF-0284,Pending,2024-05-05 00:00:00,2024-05-05 00:00:00
REM-0285,COMP-0034,ExpiryAlert,REF-0285,Expiry alert for batch items nearing expiry - REF-0285,Pending,2024-05-08 00:00:00,2024-05-08 00:00:00
REM-0286,COMP-0034,ExpiryAlert,REF-0286,Expiry alert for batch items nearing expiry - REF-0286,Failed,2024-04-08 00:00:00,2024-04-08 00:00:00
REM-0287,COMP-0034,CustomerInactive,REF-0287,Customer inactivity alert - REF-0287,Pending,2024-06-10 00:00:00,2024-06-10 00:00:00
REM-0288,COMP-0034,PaymentDue,REF-0288,Payment reminder for outstanding invoices - REF-0288,Sent,2024-04-11 00:00:00,2024-04-11 00:00:00
REM-0289,COMP-0034,CustomerInactive,REF-0289,Customer inactivity alert - REF-0289,Pending,2024-04-16 00:00:00,2024-04-16 00:00:00
REM-0290,COMP-0034,LowStock,REF-0290,Low stock alert for items below reorder level - REF-0290,Sent,2024-04-02 00:00:00,2024-04-02 00:00:00
REM-0291,COMP-0034,ExpiryAlert,REF-0291,Expiry alert for batch items nearing expiry - REF-0291,Pending,2024-04-21 00:00:00,2024-04-21 00:00:00
REM-0292,COMP-0035,ExpiryAlert,REF-0292,Expiry alert for batch items nearing expiry - REF-0292,Failed,2024-06-28 00:00:00,2024-06-28 00:00:00
REM-0293,COMP-0035,LowStock,REF-0293,Low stock alert for items below reorder level - REF-0293,Sent,2024-05-08 00:00:00,2024-05-08 00:00:00
REM-0294,COMP-0035,LowStock,REF-0294,Low stock alert for items below reorder level - REF-0294,Sent,2024-05-30 00:00:00,2024-05-30 00:00:00
REM-0295,COMP-0035,CustomerInactive,REF-0295,Customer inactivity alert - REF-0295,Failed,2024-05-10 00:00:00,2024-05-10 00:00:00
REM-0296,COMP-0035,CustomerInactive,REF-0296,Customer inactivity alert - REF-0296,Failed,2024-05-25 00:00:00,2024-05-25 00:00:00
REM-0297,COMP-0036,PaymentDue,REF-0297,Payment reminder for outstanding invoices - REF-0297,Sent,2024-06-16 00:00:00,2024-06-16 00:00:00
REM-0298,COMP-0036,PaymentDue,REF-0298,Payment reminder for outstanding invoices - REF-0298,Pending,2024-06-21 00:00:00,2024-06-21 00:00:00
REM-0299,COMP-0036,PaymentDue,REF-0299,Payment reminder for outstanding invoices - REF-0299,Pending,2024-04-30 00:00:00,2024-04-30 00:00:00
REM-0300,COMP-0036,LowStock,REF-0300,Low stock alert for items below reorder level - REF-0300,Pending,2024-05-27 00:00:00,2024-05-27 00:00:00
REM-0301,COMP-0036,LowStock,REF-0301,Low stock alert for items below reorder level - REF-0301,Pending,2024-05-22 00:00:00,2024-05-22 00:00:00
REM-0302,COMP-0036,PaymentDue,REF-0302,Payment reminder for outstanding invoices - REF-0302,Pending,2024-05-30 00:00:00,2024-05-30 00:00:00
REM-0303,COMP-0036,PaymentDue,REF-0303,Payment reminder for outstanding invoices - REF-0303,Sent,2024-06-07 00:00:00,2024-06-07 00:00:00
REM-0304,COMP-0036,LowStock,REF-0304,Low stock alert for items below reorder level - REF-0304,Sent,2024-06-27 00:00:00,2024-06-27 00:00:00
REM-0305,COMP-0036,CustomerInactive,REF-0305,Customer inactivity alert - REF-0305,Pending,2024-04-12 00:00:00,2024-04-12 00:00:00
REM-0306,COMP-0037,LowStock,REF-0306,Low stock alert for items below reorder level - REF-0306,Sent,2024-04-18 00:00:00,2024-04-18 00:00:00
REM-0307,COMP-0037,ExpiryAlert,REF-0307,Expiry alert for batch items nearing expiry - REF-0307,Failed,2024-05-04 00:00:00,2024-05-04 00:00:00
REM-0308,COMP-0037,ExpiryAlert,REF-0308,Expiry alert for batch items nearing expiry - REF-0308,Sent,2024-05-19 00:00:00,2024-05-19 00:00:00
REM-0309,COMP-0037,PaymentDue,REF-0309,Payment reminder for outstanding invoices - REF-0309,Sent,2024-06-05 00:00:00,2024-06-05 00:00:00
REM-0310,COMP-0037,ExpiryAlert,REF-0310,Expiry alert for batch items nearing expiry - REF-0310,Failed,2024-05-30 00:00:00,2024-05-30 00:00:00
REM-0311,COMP-0037,CustomerInactive,REF-0311,Customer inactivity alert - REF-0311,Sent,2024-04-11 00:00:00,2024-04-11 00:00:00
REM-0312,COMP-0037,LowStock,REF-0312,Low stock alert for items below reorder level - REF-0312,Pending,2024-04-03 00:00:00,2024-04-03 00:00:00
REM-0313,COMP-0037,CustomerInactive,REF-0313,Customer inactivity alert - REF-0313,Pending,2024-05-01 00:00:00,2024-05-01 00:00:00
REM-0314,COMP-0038,ExpiryAlert,REF-0314,Expiry alert for batch items nearing expiry - REF-0314,Pending,2024-04-20 00:00:00,2024-04-20 00:00:00
REM-0315,COMP-0038,CustomerInactive,REF-0315,Customer inactivity alert - REF-0315,Pending,2024-06-27 00:00:00,2024-06-27 00:00:00
REM-0316,COMP-0038,ExpiryAlert,REF-0316,Expiry alert for batch items nearing expiry - REF-0316,Sent,2024-04-04 00:00:00,2024-04-04 00:00:00
REM-0317,COMP-0038,LowStock,REF-0317,Low stock alert for items below reorder level - REF-0317,Pending,2024-05-19 00:00:00,2024-05-19 00:00:00
REM-0318,COMP-0038,LowStock,REF-0318,Low stock alert for items below reorder level - REF-0318,Sent,2024-04-12 00:00:00,2024-04-12 00:00:00
REM-0319,COMP-0038,PaymentDue,REF-0319,Payment reminder for outstanding invoices - REF-0319,Pending,2024-04-16 00:00:00,2024-04-16 00:00:00
REM-0320,COMP-0038,PaymentDue,REF-0320,Payment reminder for outstanding invoices - REF-0320,Failed,2024-05-04 00:00:00,2024-05-04 00:00:00
REM-0321,COMP-0038,PaymentDue,REF-0321,Payment reminder for outstanding invoices - REF-0321,Failed,2024-04-09 00:00:00,2024-04-09 00:00:00
REM-0322,COMP-0039,LowStock,REF-0322,Low stock alert for items below reorder level - REF-0322,Sent,2024-06-21 00:00:00,2024-06-21 00:00:00
REM-0323,COMP-0039,PaymentDue,REF-0323,Payment reminder for outstanding invoices - REF-0323,Pending,2024-05-19 00:00:00,2024-05-19 00:00:00
REM-0324,COMP-0039,LowStock,REF-0324,Low stock alert for items below reorder level - REF-0324,Failed,2024-04-14 00:00:00,2024-04-14 00:00:00
REM-0325,COMP-0039,LowStock,REF-0325,Low stock alert for items below reorder level - REF-0325,Sent,2024-05-22 00:00:00,2024-05-22 00:00:00
REM-0326,COMP-0039,ExpiryAlert,REF-0326,Expiry alert for batch items nearing expiry - REF-0326,Sent,2024-04-05 00:00:00,2024-04-05 00:00:00
REM-0327,COMP-0040,ExpiryAlert,REF-0327,Expiry alert for batch items nearing expiry - REF-0327,Pending,2024-04-10 00:00:00,2024-04-10 00:00:00
REM-0328,COMP-0040,CustomerInactive,REF-0328,Customer inactivity alert - REF-0328,Pending,2024-04-21 00:00:00,2024-04-21 00:00:00
REM-0329,COMP-0040,LowStock,REF-0329,Low stock alert for items below reorder level - REF-0329,Failed,2024-06-23 00:00:00,2024-06-23 00:00:00
REM-0330,COMP-0040,LowStock,REF-0330,Low stock alert for items below reorder level - REF-0330,Failed,2024-05-17 00:00:00,2024-05-17 00:00:00
REM-0331,COMP-0040,LowStock,REF-0331,Low stock alert for items below reorder level - REF-0331,Pending,2024-05-04 00:00:00,2024-05-04 00:00:00
REM-0332,COMP-0040,PaymentDue,REF-0332,Payment reminder for outstanding invoices - REF-0332,Sent,2024-05-25 00:00:00,2024-05-25 00:00:00
REM-0333,COMP-0040,PaymentDue,REF-0333,Payment reminder for outstanding invoices - REF-0333,Failed,2024-05-23 00:00:00,2024-05-23 00:00:00
REM-0334,COMP-0041,ExpiryAlert,REF-0334,Expiry alert for batch items nearing expiry - REF-0334,Pending,2024-06-25 00:00:00,2024-06-25 00:00:00
REM-0335,COMP-0041,CustomerInactive,REF-0335,Customer inactivity alert - REF-0335,Failed,2024-04-19 00:00:00,2024-04-19 00:00:00
REM-0336,COMP-0041,ExpiryAlert,REF-0336,Expiry alert for batch items nearing expiry - REF-0336,Pending,2024-04-11 00:00:00,2024-04-11 00:00:00
REM-0337,COMP-0041,LowStock,REF-0337,Low stock alert for items below reorder level - REF-0337,Pending,2024-05-11 00:00:00,2024-05-11 00:00:00
REM-0338,COMP-0041,LowStock,REF-0338,Low stock alert for items below reorder level - REF-0338,Pending,2024-05-11 00:00:00,2024-05-11 00:00:00
REM-0339,COMP-0041,LowStock,REF-0339,Low stock alert for items below reorder level - REF-0339,Failed,2024-06-07 00:00:00,2024-06-07 00:00:00
REM-0340,COMP-0041,ExpiryAlert,REF-0340,Expiry alert for batch items nearing expiry - REF-0340,Sent,2024-06-22 00:00:00,2024-06-22 00:00:00
REM-0341,COMP-0041,PaymentDue,REF-0341,Payment reminder for outstanding invoices - REF-0341,Pending,2024-06-08 00:00:00,2024-06-08 00:00:00
REM-0342,COMP-0041,ExpiryAlert,REF-0342,Expiry alert for batch items nearing expiry - REF-0342,Sent,2024-06-18 00:00:00,2024-06-18 00:00:00
REM-0343,COMP-0041,LowStock,REF-0343,Low stock alert for items below reorder level - REF-0343,Sent,2024-04-24 00:00:00,2024-04-24 00:00:00
REM-0344,COMP-0042,ExpiryAlert,REF-0344,Expiry alert for batch items nearing expiry - REF-0344,Failed,2024-05-15 00:00:00,2024-05-15 00:00:00
REM-0345,COMP-0042,ExpiryAlert,REF-0345,Expiry alert for batch items nearing expiry - REF-0345,Failed,2024-04-30 00:00:00,2024-04-30 00:00:00
REM-0346,COMP-0042,LowStock,REF-0346,Low stock alert for items below reorder level - REF-0346,Failed,2024-04-08 00:00:00,2024-04-08 00:00:00
REM-0347,COMP-0042,ExpiryAlert,REF-0347,Expiry alert for batch items nearing expiry - REF-0347,Failed,2024-06-20 00:00:00,2024-06-20 00:00:00
REM-0348,COMP-0042,PaymentDue,REF-0348,Payment reminder for outstanding invoices - REF-0348,Pending,2024-04-22 00:00:00,2024-04-22 00:00:00
REM-0349,COMP-0042,CustomerInactive,REF-0349,Customer inactivity alert - REF-0349,Pending,2024-04-04 00:00:00,2024-04-04 00:00:00
REM-0350,COMP-0042,CustomerInactive,REF-0350,Customer inactivity alert - REF-0350,Failed,2024-04-06 00:00:00,2024-04-06 00:00:00
REM-0351,COMP-0042,PaymentDue,REF-0351,Payment reminder for outstanding invoices - REF-0351,Failed,2024-06-25 00:00:00,2024-06-25 00:00:00
REM-0352,COMP-0043,CustomerInactive,REF-0352,Customer inactivity alert - REF-0352,Sent,2024-06-20 00:00:00,2024-06-20 00:00:00
REM-0353,COMP-0043,ExpiryAlert,REF-0353,Expiry alert for batch items nearing expiry - REF-0353,Pending,2024-05-17 00:00:00,2024-05-17 00:00:00
REM-0354,COMP-0043,ExpiryAlert,REF-0354,Expiry alert for batch items nearing expiry - REF-0354,Sent,2024-04-17 00:00:00,2024-04-17 00:00:00
REM-0355,COMP-0043,CustomerInactive,REF-0355,Customer inactivity alert - REF-0355,Pending,2024-05-06 00:00:00,2024-05-06 00:00:00
REM-0356,COMP-0043,CustomerInactive,REF-0356,Customer inactivity alert - REF-0356,Pending,2024-06-02 00:00:00,2024-06-02 00:00:00
REM-0357,COMP-0043,ExpiryAlert,REF-0357,Expiry alert for batch items nearing expiry - REF-0357,Failed,2024-05-07 00:00:00,2024-05-07 00:00:00
REM-0358,COMP-0043,ExpiryAlert,REF-0358,Expiry alert for batch items nearing expiry - REF-0358,Failed,2024-05-20 00:00:00,2024-05-20 00:00:00
REM-0359,COMP-0043,PaymentDue,REF-0359,Payment reminder for outstanding invoices - REF-0359,Pending,2024-05-02 00:00:00,2024-05-02 00:00:00
REM-0360,COMP-0043,ExpiryAlert,REF-0360,Expiry alert for batch items nearing expiry - REF-0360,Sent,2024-05-25 00:00:00,2024-05-25 00:00:00
REM-0361,COMP-0043,CustomerInactive,REF-0361,Customer inactivity alert - REF-0361,Sent,2024-04-07 00:00:00,2024-04-07 00:00:00
REM-0362,COMP-0043,LowStock,REF-0362,Low stock alert for items below reorder level - REF-0362,Pending,2024-05-20 00:00:00,2024-05-20 00:00:00
REM-0363,COMP-0043,CustomerInactive,REF-0363,Customer inactivity alert - REF-0363,Sent,2024-05-09 00:00:00,2024-05-09 00:00:00
REM-0364,COMP-0043,CustomerInactive,REF-0364,Customer inactivity alert - REF-0364,Pending,2024-06-25 00:00:00,2024-06-25 00:00:00
REM-0365,COMP-0043,LowStock,REF-0365,Low stock alert for items below reorder level - REF-0365,Pending,2024-05-17 00:00:00,2024-05-17 00:00:00
REM-0366,COMP-0043,LowStock,REF-0366,Low stock alert for items below reorder level - REF-0366,Failed,2024-05-30 00:00:00,2024-05-30 00:00:00
REM-0367,COMP-0044,ExpiryAlert,REF-0367,Expiry alert for batch items nearing expiry - REF-0367,Failed,2024-06-23 00:00:00,2024-06-23 00:00:00
REM-0368,COMP-0044,PaymentDue,REF-0368,Payment reminder for outstanding invoices - REF-0368,Failed,2024-05-19 00:00:00,2024-05-19 00:00:00
REM-0369,COMP-0044,LowStock,REF-0369,Low stock alert for items below reorder level - REF-0369,Sent,2024-04-13 00:00:00,2024-04-13 00:00:00
REM-0370,COMP-0044,ExpiryAlert,REF-0370,Expiry alert for batch items nearing expiry - REF-0370,Sent,2024-04-03 00:00:00,2024-04-03 00:00:00
REM-0371,COMP-0044,LowStock,REF-0371,Low stock alert for items below reorder level - REF-0371,Pending,2024-05-30 00:00:00,2024-05-30 00:00:00
REM-0372,COMP-0044,ExpiryAlert,REF-0372,Expiry alert for batch items nearing expiry - REF-0372,Failed,2024-05-03 00:00:00,2024-05-03 00:00:00
REM-0373,COMP-0044,CustomerInactive,REF-0373,Customer inactivity alert - REF-0373,Sent,2024-04-26 00:00:00,2024-04-26 00:00:00
REM-0374,COMP-0044,CustomerInactive,REF-0374,Customer inactivity alert - REF-0374,Sent,2024-04-12 00:00:00,2024-04-12 00:00:00
REM-0375,COMP-0044,LowStock,REF-0375,Low stock alert for items below reorder level - REF-0375,Sent,2024-06-13 00:00:00,2024-06-13 00:00:00
REM-0376,COMP-0044,ExpiryAlert,REF-0376,Expiry alert for batch items nearing expiry - REF-0376,Pending,2024-06-20 00:00:00,2024-06-20 00:00:00
REM-0377,COMP-0045,LowStock,REF-0377,Low stock alert for items below reorder level - REF-0377,Pending,2024-05-27 00:00:00,2024-05-27 00:00:00
REM-0378,COMP-0045,ExpiryAlert,REF-0378,Expiry alert for batch items nearing expiry - REF-0378,Failed,2024-04-18 00:00:00,2024-04-18 00:00:00
REM-0379,COMP-0045,CustomerInactive,REF-0379,Customer inactivity alert - REF-0379,Pending,2024-04-14 00:00:00,2024-04-14 00:00:00
REM-0380,COMP-0045,PaymentDue,REF-0380,Payment reminder for outstanding invoices - REF-0380,Failed,2024-04-26 00:00:00,2024-04-26 00:00:00
REM-0381,COMP-0045,PaymentDue,REF-0381,Payment reminder for outstanding invoices - REF-0381,Sent,2024-05-21 00:00:00,2024-05-21 00:00:00
REM-0382,COMP-0046,PaymentDue,REF-0382,Payment reminder for outstanding invoices - REF-0382,Failed,2024-05-18 00:00:00,2024-05-18 00:00:00
REM-0383,COMP-0046,ExpiryAlert,REF-0383,Expiry alert for batch items nearing expiry - REF-0383,Sent,2024-04-30 00:00:00,2024-04-30 00:00:00
REM-0384,COMP-0046,ExpiryAlert,REF-0384,Expiry alert for batch items nearing expiry - REF-0384,Pending,2024-06-26 00:00:00,2024-06-26 00:00:00
REM-0385,COMP-0046,CustomerInactive,REF-0385,Customer inactivity alert - REF-0385,Failed,2024-04-20 00:00:00,2024-04-20 00:00:00
REM-0386,COMP-0046,ExpiryAlert,REF-0386,Expiry alert for batch items nearing expiry - REF-0386,Sent,2024-06-13 00:00:00,2024-06-13 00:00:00
REM-0387,COMP-0046,LowStock,REF-0387,Low stock alert for items below reorder level - REF-0387,Pending,2024-06-27 00:00:00,2024-06-27 00:00:00
REM-0388,COMP-0046,CustomerInactive,REF-0388,Customer inactivity alert - REF-0388,Failed,2024-04-12 00:00:00,2024-04-12 00:00:00
REM-0389,COMP-0047,CustomerInactive,REF-0389,Customer inactivity alert - REF-0389,Failed,2024-06-12 00:00:00,2024-06-12 00:00:00
REM-0390,COMP-0047,ExpiryAlert,REF-0390,Expiry alert for batch items nearing expiry - REF-0390,Pending,2024-05-04 00:00:00,2024-05-04 00:00:00
REM-0391,COMP-0047,ExpiryAlert,REF-0391,Expiry alert for batch items nearing expiry - REF-0391,Failed,2024-06-17 00:00:00,2024-06-17 00:00:00
REM-0392,COMP-0047,ExpiryAlert,REF-0392,Expiry alert for batch items nearing expiry - REF-0392,Pending,2024-06-19 00:00:00,2024-06-19 00:00:00
REM-0393,COMP-0047,PaymentDue,REF-0393,Payment reminder for outstanding invoices - REF-0393,Sent,2024-06-04 00:00:00,2024-06-04 00:00:00
REM-0394,COMP-0047,LowStock,REF-0394,Low stock alert for items below reorder level - REF-0394,Failed,2024-05-28 00:00:00,2024-05-28 00:00:00
REM-0395,COMP-0047,CustomerInactive,REF-0395,Customer inactivity alert - REF-0395,Failed,2024-04-14 00:00:00,2024-04-14 00:00:00
REM-0396,COMP-0047,LowStock,REF-0396,Low stock alert for items below reorder level - REF-0396,Pending,2024-05-07 00:00:00,2024-05-07 00:00:00
REM-0397,COMP-0047,LowStock,REF-0397,Low stock alert for items below reorder level - REF-0397,Sent,2024-04-14 00:00:00,2024-04-14 00:00:00
REM-0398,COMP-0048,ExpiryAlert,REF-0398,Expiry alert for batch items nearing expiry - REF-0398,Sent,2024-06-27 00:00:00,2024-06-27 00:00:00
REM-0399,COMP-0048,LowStock,REF-0399,Low stock alert for items below reorder level - REF-0399,Failed,2024-04-21 00:00:00,2024-04-21 00:00:00
REM-0400,COMP-0048,CustomerInactive,REF-0400,Customer inactivity alert - REF-0400,Failed,2024-04-27 00:00:00,2024-04-27 00:00:00
REM-0401,COMP-0048,CustomerInactive,REF-0401,Customer inactivity alert - REF-0401,Pending,2024-04-17 00:00:00,2024-04-17 00:00:00
REM-0402,COMP-0048,CustomerInactive,REF-0402,Customer inactivity alert - REF-0402,Pending,2024-04-14 00:00:00,2024-04-14 00:00:00
REM-0403,COMP-0048,PaymentDue,REF-0403,Payment reminder for outstanding invoices - REF-0403,Failed,2024-05-05 00:00:00,2024-05-05 00:00:00
REM-0404,COMP-0048,PaymentDue,REF-0404,Payment reminder for outstanding invoices - REF-0404,Pending,2024-05-06 00:00:00,2024-05-06 00:00:00
REM-0405,COMP-0049,ExpiryAlert,REF-0405,Expiry alert for batch items nearing expiry - REF-0405,Sent,2024-05-14 00:00:00,2024-05-14 00:00:00
REM-0406,COMP-0049,LowStock,REF-0406,Low stock alert for items below reorder level - REF-0406,Failed,2024-04-11 00:00:00,2024-04-11 00:00:00
REM-0407,COMP-0049,LowStock,REF-0407,Low stock alert for items below reorder level - REF-0407,Failed,2024-05-19 00:00:00,2024-05-19 00:00:00
REM-0408,COMP-0049,PaymentDue,REF-0408,Payment reminder for outstanding invoices - REF-0408,Sent,2024-04-11 00:00:00,2024-04-11 00:00:00
REM-0409,COMP-0049,PaymentDue,REF-0409,Payment reminder for outstanding invoices - REF-0409,Sent,2024-05-15 00:00:00,2024-05-15 00:00:00
REM-0410,COMP-0049,LowStock,REF-0410,Low stock alert for items below reorder level - REF-0410,Failed,2024-06-30 00:00:00,2024-06-30 00:00:00
REM-0411,COMP-0049,LowStock,REF-0411,Low stock alert for items below reorder level - REF-0411,Sent,2024-06-17 00:00:00,2024-06-17 00:00:00
REM-0412,COMP-0049,ExpiryAlert,REF-0412,Expiry alert for batch items nearing expiry - REF-0412,Failed,2024-06-01 00:00:00,2024-06-01 00:00:00
REM-0413,COMP-0049,ExpiryAlert,REF-0413,Expiry alert for batch items nearing expiry - REF-0413,Failed,2024-06-21 00:00:00,2024-06-21 00:00:00
REM-0414,COMP-0049,LowStock,REF-0414,Low stock alert for items below reorder level - REF-0414,Failed,2024-05-16 00:00:00,2024-05-16 00:00:00
REM-0415,COMP-0049,CustomerInactive,REF-0415,Customer inactivity alert - REF-0415,Pending,2024-04-18 00:00:00,2024-04-18 00:00:00
REM-0416,COMP-0050,ExpiryAlert,REF-0416,Expiry alert for batch items nearing expiry - REF-0416,Sent,2024-06-01 00:00:00,2024-06-01 00:00:00
REM-0417,COMP-0050,LowStock,REF-0417,Low stock alert for items below reorder level - REF-0417,Pending,2024-04-27 00:00:00,2024-04-27 00:00:00
REM-0418,COMP-0050,ExpiryAlert,REF-0418,Expiry alert for batch items nearing expiry - REF-0418,Sent,2024-06-29 00:00:00,2024-06-29 00:00:00
REM-0419,COMP-0050,CustomerInactive,REF-0419,Customer inactivity alert - REF-0419,Sent,2024-04-30 00:00:00,2024-04-30 00:00:00
REM-0420,COMP-0050,CustomerInactive,REF-0420,Customer inactivity alert - REF-0420,Failed,2024-04-18 00:00:00,2024-04-18 00:00:00
REM-0421,COMP-0050,CustomerInactive,REF-0421,Customer inactivity alert - REF-0421,Failed,2024-04-28 00:00:00,2024-04-28 00:00:00
REM-0422,COMP-0050,LowStock,REF-0422,Low stock alert for items below reorder level - REF-0422,Sent,2024-06-14 00:00:00,2024-06-14 00:00:00
REM-0423,COMP-0050,PaymentDue,REF-0423,Payment reminder for outstanding invoices - REF-0423,Sent,2024-05-15 00:00:00,2024-05-15 00:00:00
REM-0424,COMP-0050,LowStock,REF-0424,Low stock alert for items below reorder level - REF-0424,Pending,2024-04-02 00:00:00,2024-04-02 00:00:00
REM-0425,COMP-0050,CustomerInactive,REF-0425,Customer inactivity alert - REF-0425,Pending,2024-04-01 00:00:00,2024-04-01 00:00:00
REM-0426,COMP-0050,PaymentDue,REF-0426,Payment reminder for outstanding invoices - REF-0426,Pending,2024-04-22 00:00:00,2024-04-22 00:00:00
REM-0427,COMP-0050,ExpiryAlert,REF-0427,Expiry alert for batch items nearing expiry - REF-0427,Failed,2024-04-25 00:00:00,2024-04-25 00:00:00
