SettingID,CompanyID,SettingKey,SettingValue,Description,CreatedAt,UpdatedAt
SET-0001,COMP-0001,CompanyName,Company 0001,Company display name,2024-01-01 10:00:00,2024-05-01 08:00:00
SET-0002,COMP-0001,GSTNumber,27ABCD1234E1Z5,GST registration number,2024-01-01 10:00:00,2024-05-01 08:00:00
SET-0003,COMP-0001,PANNumber,ABCD1234E,PAN number,2024-01-01 10:00:00,2024-05-01 08:00:00
SET-0004,COMP-0001,FinancialYearStart,2024-04-01,Financial year start date,2024-01-01 10:00:00,2024-05-01 08:00:00
SET-0005,COMP-0001,FinancialYearEnd,2025-03-31,Financial year end date,2024-01-01 10:00:00,2024-05-01 08:00:00
SET-0006,COMP-0001,CurrencySymbol,INR,Currency symbol,2024-01-01 10:00:00,2024-05-01 08:00:00
SET-0007,COMP-0001,DateFormat,DD-MM-YYYY,Date format preference,2024-01-01 10:00:00,2024-05-01 08:00:00
SET-0008,COMP-0001,TaxRate,18,Default tax rate,2024-01-01 10:00:00,2024-05-01 08:00:00
SET-0009,COMP-0001,LowStockAlert,10,Low stock alert threshold,2024-01-01 10:00:00,2024-05-01 08:00:00
SET-0010,COMP-0001,EmailNotifications,TRUE,Email notifications enabled,2024-01-01 10:00:00,2024-05-01 08:00:00
SET-0011,COMP-0002,CompanyName,Company 0002,Company display name,2024-01-01 10:00:00,2024-05-01 08:00:00
SET-0012,COMP-0002,GSTNumber,27ABCD1234E1Z5,GST registration number,2024-01-01 10:00:00,2024-05-01 08:00:00
SET-0013,COMP-0002,PANNumber,ABCD1234E,PAN number,2024-01-01 10:00:00,2024-05-01 08:00:00
SET-0014,COMP-0002,FinancialYearStart,2024-04-01,Financial year start date,2024-01-01 10:00:00,2024-05-01 08:00:00
SET-0015,COMP-0002,FinancialYearEnd,2025-03-31,Financial year end date,2024-01-01 10:00:00,2024-05-01 08:00:00
SET-0016,COMP-0002,CurrencySymbol,INR,Currency symbol,2024-01-01 10:00:00,2024-05-01 08:00:00
SET-0017,COMP-0002,DateFormat,DD-MM-YYYY,Date format preference,2024-01-01 10:00:00,2024-05-01 08:00:00
SET-0018,COMP-0002,TaxRate,18,Default tax rate,2024-01-01 10:00:00,2024-05-01 08:00:00
SET-0019,COMP-0002,LowStockAlert,10,Low stock alert threshold,2024-01-01 10:00:00,2024-05-01 08:00:00
SET-0020,COMP-0002,EmailNotifications,TRUE,Email notifications enabled,2024-01-01 10:00:00,2024-05-01 08:00:00
SET-0021,COMP-0003,CompanyName,Company 0003,Company display name,2024-01-01 10:00:00,2024-05-01 08:00:00
SET-0022,COMP-0003,GSTNumber,27ABCD1234E1Z5,GST registration number,2024-01-01 10:00:00,2024-05-01 08:00:00
SET-0023,COMP-0003,PANNumber,ABCD1234E,PAN number,2024-01-01 10:00:00,2024-05-01 08:00:00
SET-0024,COMP-0003,FinancialYearStart,2024-04-01,Financial year start date,2024-01-01 10:00:00,2024-05-01 08:00:00
SET-0025,COMP-0003,FinancialYearEnd,2025-03-31,Financial year end date,2024-01-01 10:00:00,2024-05-01 08:00:00
SET-0026,COMP-0003,CurrencySymbol,INR,Currency symbol,2024-01-01 10:00:00,2024-05-01 08:00:00
SET-0027,COMP-0003,DateFormat,DD-MM-YYYY,Date format preference,2024-01-01 10:00:00,2024-05-01 08:00:00
SET-0028,COMP-0003,TaxRate,18,Default tax rate,2024-01-01 10:00:00,2024-05-01 08:00:00
SET-0029,COMP-0003,LowStockAlert,10,Low stock alert threshold,2024-01-01 10:00:00,2024-05-01 08:00:00
SET-0030,COMP-0003,EmailNotifications,TRUE,Email notifications enabled,2024-01-01 10:00:00,2024-05-01 08:00:00
SET-0031,COMP-0004,CompanyName,Company 0004,Company display name,2024-01-01 10:00:00,2024-05-01 08:00:00
SET-0032,COMP-0004,GSTNumber,27ABCD1234E1Z5,GST registration number,2024-01-01 10:00:00,2024-05-01 08:00:00
SET-0033,COMP-0004,PANNumber,ABCD1234E,PAN number,2024-01-01 10:00:00,2024-05-01 08:00:00
SET-0034,COMP-0004,FinancialYearStart,2024-04-01,Financial year start date,2024-01-01 10:00:00,2024-05-01 08:00:00
SET-0035,COMP-0004,FinancialYearEnd,2025-03-31,Financial year end date,2024-01-01 10:00:00,2024-05-01 08:00:00
SET-0036,COMP-0004,CurrencySymbol,INR,Currency symbol,2024-01-01 10:00:00,2024-05-01 08:00:00
SET-0037,COMP-0004,DateFormat,DD-MM-YYYY,Date format preference,2024-01-01 10:00:00,2024-05-01 08:00:00
SET-0038,COMP-0004,TaxRate,18,Default tax rate,2024-01-01 10:00:00,2024-05-01 08:00:00
SET-0039,COMP-0004,LowStockAlert,10,Low stock alert threshold,2024-01-01 10:00:00,2024-05-01 08:00:00
SET-0040,COMP-0004,EmailNotifications,TRUE,Email notifications enabled,2024-01-01 10:00:00,2024-05-01 08:00:00
SET-0041,COMP-0005,CompanyName,Company 0005,Company display name,2024-01-01 10:00:00,2024-05-01 08:00:00
SET-0042,COMP-0005,GSTNumber,27ABCD1234E1Z5,GST registration number,2024-01-01 10:00:00,2024-05-01 08:00:00
SET-0043,COMP-0005,PANNumber,ABCD1234E,PAN number,2024-01-01 10:00:00,2024-05-01 08:00:00
SET-0044,COMP-0005,FinancialYearStart,2024-04-01,Financial year start date,2024-01-01 10:00:00,2024-05-01 08:00:00
SET-0045,COMP-0005,FinancialYearEnd,2025-03-31,Financial year end date,2024-01-01 10:00:00,2024-05-01 08:00:00
SET-0046,COMP-0005,CurrencySymbol,INR,Currency symbol,2024-01-01 10:00:00,2024-05-01 08:00:00
SET-0047,COMP-0005,DateFormat,DD-MM-YYYY,Date format preference,2024-01-01 10:00:00,2024-05-01 08:00:00
SET-0048,COMP-0005,TaxRate,18,Default tax rate,2024-01-01 10:00:00,2024-05-01 08:00:00
SET-0049,COMP-0005,LowStockAlert,10,Low stock alert threshold,2024-01-01 10:00:00,2024-05-01 08:00:00
SET-0050,COMP-0005,EmailNotifications,TRUE,Email notifications enabled,2024-01-01 10:00:00,2024-05-01 08:00:00
SET-0051,COMP-0006,CompanyName,Company 0006,Company display name,2024-01-01 10:00:00,2024-05-01 08:00:00
SET-0052,COMP-0006,GSTNumber,27ABCD1234E1Z5,GST registration number,2024-01-01 10:00:00,2024-05-01 08:00:00
SET-0053,COMP-0006,PANNumber,ABCD1234E,PAN number,2024-01-01 10:00:00,2024-05-01 08:00:00
SET-0054,COMP-0006,FinancialYearStart,2024-04-01,Financial year start date,2024-01-01 10:00:00,2024-05-01 08:00:00
SET-0055,COMP-0006,FinancialYearEnd,2025-03-31,Financial year end date,2024-01-01 10:00:00,2024-05-01 08:00:00
SET-0056,COMP-0006,CurrencySymbol,INR,Currency symbol,2024-01-01 10:00:00,2024-05-01 08:00:00
SET-0057,COMP-0006,DateFormat,DD-MM-YYYY,Date format preference,2024-01-01 10:00:00,2024-05-01 08:00:00
SET-0058,COMP-0006,TaxRate,18,Default tax rate,2024-01-01 10:00:00,2024-05-01 08:00:00
SET-0059,COMP-0006,LowStockAlert,10,Low stock alert threshold,2024-01-01 10:00:00,2024-05-01 08:00:00
SET-0060,COMP-0006,EmailNotifications,TRUE,Email notifications enabled,2024-01-01 10:00:00,2024-05-01 08:00:00
SET-0061,COMP-0007,CompanyName,Company 0007,Company display name,2024-01-01 10:00:00,2024-05-01 08:00:00
SET-0062,COMP-0007,GSTNumber,27ABCD1234E1Z5,GST registration number,2024-01-01 10:00:00,2024-05-01 08:00:00
SET-0063,COMP-0007,PANNumber,ABCD1234E,PAN number,2024-01-01 10:00:00,2024-05-01 08:00:00
SET-0064,COMP-0007,FinancialYearStart,2024-04-01,Financial year start date,2024-01-01 10:00:00,2024-05-01 08:00:00
SET-0065,COMP-0007,FinancialYearEnd,2025-03-31,Financial year end date,2024-01-01 10:00:00,2024-05-01 08:00:00
SET-0066,COMP-0007,CurrencySymbol,INR,Currency symbol,2024-01-01 10:00:00,2024-05-01 08:00:00
SET-0067,COMP-0007,DateFormat,DD-MM-YYYY,Date format preference,2024-01-01 10:00:00,2024-05-01 08:00:00
SET-0068,COMP-0007,TaxRate,18,Default tax rate,2024-01-01 10:00:00,2024-05-01 08:00:00
SET-0069,COMP-0007,LowStockAlert,10,Low stock alert threshold,2024-01-01 10:00:00,2024-05-01 08:00:00
SET-0070,COMP-0007,EmailNotifications,TRUE,Email notifications enabled,2024-01-01 10:00:00,2024-05-01 08:00:00
SET-0071,COMP-0008,CompanyName,Company 0008,Company display name,2024-01-01 10:00:00,2024-05-01 08:00:00
SET-0072,COMP-0008,GSTNumber,27ABCD1234E1Z5,GST registration number,2024-01-01 10:00:00,2024-05-01 08:00:00
SET-0073,COMP-0008,PANNumber,ABCD1234E,PAN number,2024-01-01 10:00:00,2024-05-01 08:00:00
SET-0074,COMP-0008,FinancialYearStart,2024-04-01,Financial year start date,2024-01-01 10:00:00,2024-05-01 08:00:00
SET-0075,COMP-0008,FinancialYearEnd,2025-03-31,Financial year end date,2024-01-01 10:00:00,2024-05-01 08:00:00
SET-0076,COMP-0008,CurrencySymbol,INR,Currency symbol,2024-01-01 10:00:00,2024-05-01 08:00:00
SET-0077,COMP-0008,DateFormat,DD-MM-YYYY,Date format preference,2024-01-01 10:00:00,2024-05-01 08:00:00
SET-0078,COMP-0008,TaxRate,18,Default tax rate,2024-01-01 10:00:00,2024-05-01 08:00:00
SET-0079,COMP-0008,LowStockAlert,10,Low stock alert threshold,2024-01-01 10:00:00,2024-05-01 08:00:00
SET-0080,COMP-0008,EmailNotifications,TRUE,Email notifications enabled,2024-01-01 10:00:00,2024-05-01 08:00:00
SET-0081,COMP-0009,CompanyName,Company 0009,Company display name,2024-01-01 10:00:00,2024-05-01 08:00:00
SET-0082,COMP-0009,GSTNumber,27ABCD1234E1Z5,GST registration number,2024-01-01 10:00:00,2024-05-01 08:00:00
SET-0083,COMP-0009,PANNumber,ABCD1234E,PAN number,2024-01-01 10:00:00,2024-05-01 08:00:00
SET-0084,COMP-0009,FinancialYearStart,2024-04-01,Financial year start date,2024-01-01 10:00:00,2024-05-01 08:00:00
SET-0085,COMP-0009,FinancialYearEnd,2025-03-31,Financial year end date,2024-01-01 10:00:00,2024-05-01 08:00:00
SET-0086,COMP-0009,CurrencySymbol,INR,Currency symbol,2024-01-01 10:00:00,2024-05-01 08:00:00
SET-0087,COMP-0009,DateFormat,DD-MM-YYYY,Date format preference,2024-01-01 10:00:00,2024-05-01 08:00:00
SET-0088,COMP-0009,TaxRate,18,Default tax rate,2024-01-01 10:00:00,2024-05-01 08:00:00
SET-0089,COMP-0009,LowStockAlert,10,Low stock alert threshold,2024-01-01 10:00:00,2024-05-01 08:00:00
SET-0090,COMP-0009,EmailNotifications,TRUE,Email notifications enabled,2024-01-01 10:00:00,2024-05-01 08:00:00
SET-0091,COMP-0010,CompanyName,Company 0010,Company display name,2024-01-01 10:00:00,2024-05-01 08:00:00
SET-0092,COMP-0010,GSTNumber,27ABCD1234E1Z5,GST registration number,2024-01-01 10:00:00,2024-05-01 08:00:00
SET-0093,COMP-0010,PANNumber,ABCD1234E,PAN number,2024-01-01 10:00:00,2024-05-01 08:00:00
SET-0094,COMP-0010,FinancialYearStart,2024-04-01,Financial year start date,2024-01-01 10:00:00,2024-05-01 08:00:00
SET-0095,COMP-0010,FinancialYearEnd,2025-03-31,Financial year end date,2024-01-01 10:00:00,2024-05-01 08:00:00
SET-0096,COMP-0010,CurrencySymbol,INR,Currency symbol,2024-01-01 10:00:00,2024-05-01 08:00:00
SET-0097,COMP-0010,DateFormat,DD-MM-YYYY,Date format preference,2024-01-01 10:00:00,2024-05-01 08:00:00
SET-0098,COMP-0010,TaxRate,18,Default tax rate,2024-01-01 10:00:00,2024-05-01 08:00:00
SET-0099,COMP-0010,LowStockAlert,10,Low stock alert threshold,2024-01-01 10:00:00,2024-05-01 08:00:00
SET-0100,COMP-0010,EmailNotifications,TRUE,Email notifications enabled,2024-01-01 10:00:00,2024-05-01 08:00:00
SET-0101,COMP-0011,CompanyName,Company 0011,Company display name,2024-01-01 10:00:00,2024-05-01 08:00:00
SET-0102,COMP-0011,GSTNumber,27ABCD1234E1Z5,GST registration number,2024-01-01 10:00:00,2024-05-01 08:00:00
SET-0103,COMP-0011,PANNumber,ABCD1234E,PAN number,2024-01-01 10:00:00,2024-05-01 08:00:00
SET-0104,COMP-0011,FinancialYearStart,2024-04-01,Financial year start date,2024-01-01 10:00:00,2024-05-01 08:00:00
SET-0105,COMP-0011,FinancialYearEnd,2025-03-31,Financial year end date,2024-01-01 10:00:00,2024-05-01 08:00:00
SET-0106,COMP-0011,CurrencySymbol,INR,Currency symbol,2024-01-01 10:00:00,2024-05-01 08:00:00
SET-0107,COMP-0011,DateFormat,DD-MM-YYYY,Date format preference,2024-01-01 10:00:00,2024-05-01 08:00:00
SET-0108,COMP-0011,TaxRate,18,Default tax rate,2024-01-01 10:00:00,2024-05-01 08:00:00
SET-0109,COMP-0011,LowStockAlert,10,Low stock alert threshold,2024-01-01 10:00:00,2024-05-01 08:00:00
SET-0110,COMP-0011,EmailNotifications,TRUE,Email notifications enabled,2024-01-01 10:00:00,2024-05-01 08:00:00
SET-0111,COMP-0012,CompanyName,Company 0012,Company display name,2024-01-01 10:00:00,2024-05-01 08:00:00
SET-0112,COMP-0012,GSTNumber,27ABCD1234E1Z5,GST registration number,2024-01-01 10:00:00,2024-05-01 08:00:00
SET-0113,COMP-0012,PANNumber,ABCD1234E,PAN number,2024-01-01 10:00:00,2024-05-01 08:00:00
SET-0114,COMP-0012,FinancialYearStart,2024-04-01,Financial year start date,2024-01-01 10:00:00,2024-05-01 08:00:00
SET-0115,COMP-0012,FinancialYearEnd,2025-03-31,Financial year end date,2024-01-01 10:00:00,2024-05-01 08:00:00
SET-0116,COMP-0012,CurrencySymbol,INR,Currency symbol,2024-01-01 10:00:00,2024-05-01 08:00:00
SET-0117,COMP-0012,DateFormat,DD-MM-YYYY,Date format preference,2024-01-01 10:00:00,2024-05-01 08:00:00
SET-0118,COMP-0012,TaxRate,18,Default tax rate,2024-01-01 10:00:00,2024-05-01 08:00:00
SET-0119,COMP-0012,LowStockAlert,10,Low stock alert threshold,2024-01-01 10:00:00,2024-05-01 08:00:00
SET-0120,COMP-0012,EmailNotifications,TRUE,Email notifications enabled,2024-01-01 10:00:00,2024-05-01 08:00:00
SET-0121,COMP-0013,CompanyName,Company 0013,Company display name,2024-01-01 10:00:00,2024-05-01 08:00:00
SET-0122,COMP-0013,GSTNumber,27ABCD1234E1Z5,GST registration number,2024-01-01 10:00:00,2024-05-01 08:00:00
SET-0123,COMP-0013,PANNumber,ABCD1234E,PAN number,2024-01-01 10:00:00,2024-05-01 08:00:00
SET-0124,COMP-0013,FinancialYearStart,2024-04-01,Financial year start date,2024-01-01 10:00:00,2024-05-01 08:00:00
SET-0125,COMP-0013,FinancialYearEnd,2025-03-31,Financial year end date,2024-01-01 10:00:00,2024-05-01 08:00:00
SET-0126,COMP-0013,CurrencySymbol,INR,Currency symbol,2024-01-01 10:00:00,2024-05-01 08:00:00
SET-0127,COMP-0013,DateFormat,DD-MM-YYYY,Date format preference,2024-01-01 10:00:00,2024-05-01 08:00:00
SET-0128,COMP-0013,TaxRate,18,Default tax rate,2024-01-01 10:00:00,2024-05-01 08:00:00
SET-0129,COMP-0013,LowStockAlert,10,Low stock alert threshold,2024-01-01 10:00:00,2024-05-01 08:00:00
SET-0130,COMP-0013,EmailNotifications,TRUE,Email notifications enabled,2024-01-01 10:00:00,2024-05-01 08:00:00
SET-0131,COMP-0014,CompanyName,Company 0014,Company display name,2024-01-01 10:00:00,2024-05-01 08:00:00
SET-0132,COMP-0014,GSTNumber,27ABCD1234E1Z5,GST registration number,2024-01-01 10:00:00,2024-05-01 08:00:00
SET-0133,COMP-0014,PANNumber,ABCD1234E,PAN number,2024-01-01 10:00:00,2024-05-01 08:00:00
SET-0134,COMP-0014,FinancialYearStart,2024-04-01,Financial year start date,2024-01-01 10:00:00,2024-05-01 08:00:00
SET-0135,COMP-0014,FinancialYearEnd,2025-03-31,Financial year end date,2024-01-01 10:00:00,2024-05-01 08:00:00
SET-0136,COMP-0014,CurrencySymbol,INR,Currency symbol,2024-01-01 10:00:00,2024-05-01 08:00:00
SET-0137,COMP-0014,DateFormat,DD-MM-YYYY,Date format preference,2024-01-01 10:00:00,2024-05-01 08:00:00
SET-0138,COMP-0014,TaxRate,18,Default tax rate,2024-01-01 10:00:00,2024-05-01 08:00:00
SET-0139,COMP-0014,LowStockAlert,10,Low stock alert threshold,2024-01-01 10:00:00,2024-05-01 08:00:00
SET-0140,COMP-0014,EmailNotifications,TRUE,Email notifications enabled,2024-01-01 10:00:00,2024-05-01 08:00:00
SET-0141,COMP-0015,CompanyName,Company 0015,Company display name,2024-01-01 10:00:00,2024-05-01 08:00:00
SET-0142,COMP-0015,GSTNumber,27ABCD1234E1Z5,GST registration number,2024-01-01 10:00:00,2024-05-01 08:00:00
SET-0143,COMP-0015,PANNumber,ABCD1234E,PAN number,2024-01-01 10:00:00,2024-05-01 08:00:00
SET-0144,COMP-0015,FinancialYearStart,2024-04-01,Financial year start date,2024-01-01 10:00:00,2024-05-01 08:00:00
SET-0145,COMP-0015,FinancialYearEnd,2025-03-31,Financial year end date,2024-01-01 10:00:00,2024-05-01 08:00:00
SET-0146,COMP-0015,CurrencySymbol,INR,Currency symbol,2024-01-01 10:00:00,2024-05-01 08:00:00
SET-0147,COMP-0015,DateFormat,DD-MM-YYYY,Date format preference,2024-01-01 10:00:00,2024-05-01 08:00:00
SET-0148,COMP-0015,TaxRate,18,Default tax rate,2024-01-01 10:00:00,2024-05-01 08:00:00
SET-0149,COMP-0015,LowStockAlert,10,Low stock alert threshold,2024-01-01 10:00:00,2024-05-01 08:00:00
SET-0150,COMP-0015,EmailNotifications,TRUE,Email notifications enabled,2024-01-01 10:00:00,2024-05-01 08:00:00
SET-0151,COMP-0016,CompanyName,Company 0016,Company display name,2024-01-01 10:00:00,2024-05-01 08:00:00
SET-0152,COMP-0016,GSTNumber,27ABCD1234E1Z5,GST registration number,2024-01-01 10:00:00,2024-05-01 08:00:00
SET-0153,COMP-0016,PANNumber,ABCD1234E,PAN number,2024-01-01 10:00:00,2024-05-01 08:00:00
SET-0154,COMP-0016,FinancialYearStart,2024-04-01,Financial year start date,2024-01-01 10:00:00,2024-05-01 08:00:00
SET-0155,COMP-0016,FinancialYearEnd,2025-03-31,Financial year end date,2024-01-01 10:00:00,2024-05-01 08:00:00
SET-0156,COMP-0016,CurrencySymbol,INR,Currency symbol,2024-01-01 10:00:00,2024-05-01 08:00:00
SET-0157,COMP-0016,DateFormat,DD-MM-YYYY,Date format preference,2024-01-01 10:00:00,2024-05-01 08:00:00
SET-0158,COMP-0016,TaxRate,18,Default tax rate,2024-01-01 10:00:00,2024-05-01 08:00:00
SET-0159,COMP-0016,LowStockAlert,10,Low stock alert threshold,2024-01-01 10:00:00,2024-05-01 08:00:00
SET-0160,COMP-0016,EmailNotifications,TRUE,Email notifications enabled,2024-01-01 10:00:00,2024-05-01 08:00:00
SET-0161,COMP-0017,CompanyName,Company 0017,Company display name,2024-01-01 10:00:00,2024-05-01 08:00:00
SET-0162,COMP-0017,GSTNumber,27ABCD1234E1Z5,GST registration number,2024-01-01 10:00:00,2024-05-01 08:00:00
SET-0163,COMP-0017,PANNumber,ABCD1234E,PAN number,2024-01-01 10:00:00,2024-05-01 08:00:00
SET-0164,COMP-0017,FinancialYearStart,2024-04-01,Financial year start date,2024-01-01 10:00:00,2024-05-01 08:00:00
SET-0165,COMP-0017,FinancialYearEnd,2025-03-31,Financial year end date,2024-01-01 10:00:00,2024-05-01 08:00:00
SET-0166,COMP-0017,CurrencySymbol,INR,Currency symbol,2024-01-01 10:00:00,2024-05-01 08:00:00
SET-0167,COMP-0017,DateFormat,DD-MM-YYYY,Date format preference,2024-01-01 10:00:00,2024-05-01 08:00:00
SET-0168,COMP-0017,TaxRate,18,Default tax rate,2024-01-01 10:00:00,2024-05-01 08:00:00
SET-0169,COMP-0017,LowStockAlert,10,Low stock alert threshold,2024-01-01 10:00:00,2024-05-01 08:00:00
SET-0170,COMP-0017,EmailNotifications,TRUE,Email notifications enabled,2024-01-01 10:00:00,2024-05-01 08:00:00
SET-0171,COMP-0018,CompanyName,Company 0018,Company display name,2024-01-01 10:00:00,2024-05-01 08:00:00
SET-0172,COMP-0018,GSTNumber,27ABCD1234E1Z5,GST registration number,2024-01-01 10:00:00,2024-05-01 08:00:00
SET-0173,COMP-0018,PANNumber,ABCD1234E,PAN number,2024-01-01 10:00:00,2024-05-01 08:00:00
SET-0174,COMP-0018,FinancialYearStart,2024-04-01,Financial year start date,2024-01-01 10:00:00,2024-05-01 08:00:00
SET-0175,COMP-0018,FinancialYearEnd,2025-03-31,Financial year end date,2024-01-01 10:00:00,2024-05-01 08:00:00
SET-0176,COMP-0018,CurrencySymbol,INR,Currency symbol,2024-01-01 10:00:00,2024-05-01 08:00:00
SET-0177,COMP-0018,DateFormat,DD-MM-YYYY,Date format preference,2024-01-01 10:00:00,2024-05-01 08:00:00
SET-0178,COMP-0018,TaxRate,18,Default tax rate,2024-01-01 10:00:00,2024-05-01 08:00:00
SET-0179,COMP-0018,LowStockAlert,10,Low stock alert threshold,2024-01-01 10:00:00,2024-05-01 08:00:00
SET-0180,COMP-0018,EmailNotifications,TRUE,Email notifications enabled,2024-01-01 10:00:00,2024-05-01 08:00:00
SET-0181,COMP-0019,CompanyName,Company 0019,Company display name,2024-01-01 10:00:00,2024-05-01 08:00:00
SET-0182,COMP-0019,GSTNumber,27ABCD1234E1Z5,GST registration number,2024-01-01 10:00:00,2024-05-01 08:00:00
SET-0183,COMP-0019,PANNumber,ABCD1234E,PAN number,2024-01-01 10:00:00,2024-05-01 08:00:00
SET-0184,COMP-0019,FinancialYearStart,2024-04-01,Financial year start date,2024-01-01 10:00:00,2024-05-01 08:00:00
SET-0185,COMP-0019,FinancialYearEnd,2025-03-31,Financial year end date,2024-01-01 10:00:00,2024-05-01 08:00:00
SET-0186,COMP-0019,CurrencySymbol,INR,Currency symbol,2024-01-01 10:00:00,2024-05-01 08:00:00
SET-0187,COMP-0019,DateFormat,DD-MM-YYYY,Date format preference,2024-01-01 10:00:00,2024-05-01 08:00:00
SET-0188,COMP-0019,TaxRate,18,Default tax rate,2024-01-01 10:00:00,2024-05-01 08:00:00
SET-0189,COMP-0019,LowStockAlert,10,Low stock alert threshold,2024-01-01 10:00:00,2024-05-01 08:00:00
SET-0190,COMP-0019,EmailNotifications,TRUE,Email notifications enabled,2024-01-01 10:00:00,2024-05-01 08:00:00
SET-0191,COMP-0020,CompanyName,Company 0020,Company display name,2024-01-01 10:00:00,2024-05-01 08:00:00
SET-0192,COMP-0020,GSTNumber,27ABCD1234E1Z5,GST registration number,2024-01-01 10:00:00,2024-05-01 08:00:00
SET-0193,COMP-0020,PANNumber,ABCD1234E,PAN number,2024-01-01 10:00:00,2024-05-01 08:00:00
SET-0194,COMP-0020,FinancialYearStart,2024-04-01,Financial year start date,2024-01-01 10:00:00,2024-05-01 08:00:00
SET-0195,COMP-0020,FinancialYearEnd,2025-03-31,Financial year end date,2024-01-01 10:00:00,2024-05-01 08:00:00
SET-0196,COMP-0020,CurrencySymbol,INR,Currency symbol,2024-01-01 10:00:00,2024-05-01 08:00:00
SET-0197,COMP-0020,DateFormat,DD-MM-YYYY,Date format preference,2024-01-01 10:00:00,2024-05-01 08:00:00
SET-0198,COMP-0020,TaxRate,18,Default tax rate,2024-01-01 10:00:00,2024-05-01 08:00:00
SET-0199,COMP-0020,LowStockAlert,10,Low stock alert threshold,2024-01-01 10:00:00,2024-05-01 08:00:00
SET-0200,COMP-0020,EmailNotifications,TRUE,Email notifications enabled,2024-01-01 10:00:00,2024-05-01 08:00:00
SET-0201,COMP-0021,CompanyName,Company 0021,Company display name,2024-01-01 10:00:00,2024-05-01 08:00:00
SET-0202,COMP-0021,GSTNumber,27ABCD1234E1Z5,GST registration number,2024-01-01 10:00:00,2024-05-01 08:00:00
SET-0203,COMP-0021,PANNumber,ABCD1234E,PAN number,2024-01-01 10:00:00,2024-05-01 08:00:00
SET-0204,COMP-0021,FinancialYearStart,2024-04-01,Financial year start date,2024-01-01 10:00:00,2024-05-01 08:00:00
SET-0205,COMP-0021,FinancialYearEnd,2025-03-31,Financial year end date,2024-01-01 10:00:00,2024-05-01 08:00:00
SET-0206,COMP-0021,CurrencySymbol,INR,Currency symbol,2024-01-01 10:00:00,2024-05-01 08:00:00
SET-0207,COMP-0021,DateFormat,DD-MM-YYYY,Date format preference,2024-01-01 10:00:00,2024-05-01 08:00:00
SET-0208,COMP-0021,TaxRate,18,Default tax rate,2024-01-01 10:00:00,2024-05-01 08:00:00
SET-0209,COMP-0021,LowStockAlert,10,Low stock alert threshold,2024-01-01 10:00:00,2024-05-01 08:00:00
SET-0210,COMP-0021,EmailNotifications,TRUE,Email notifications enabled,2024-01-01 10:00:00,2024-05-01 08:00:00
SET-0211,COMP-0022,CompanyName,Company 0022,Company display name,2024-01-01 10:00:00,2024-05-01 08:00:00
SET-0212,COMP-0022,GSTNumber,27ABCD1234E1Z5,GST registration number,2024-01-01 10:00:00,2024-05-01 08:00:00
SET-0213,COMP-0022,PANNumber,ABCD1234E,PAN number,2024-01-01 10:00:00,2024-05-01 08:00:00
SET-0214,COMP-0022,FinancialYearStart,2024-04-01,Financial year start date,2024-01-01 10:00:00,2024-05-01 08:00:00
SET-0215,COMP-0022,FinancialYearEnd,2025-03-31,Financial year end date,2024-01-01 10:00:00,2024-05-01 08:00:00
SET-0216,COMP-0022,CurrencySymbol,INR,Currency symbol,2024-01-01 10:00:00,2024-05-01 08:00:00
SET-0217,COMP-0022,DateFormat,DD-MM-YYYY,Date format preference,2024-01-01 10:00:00,2024-05-01 08:00:00
SET-0218,COMP-0022,TaxRate,18,Default tax rate,2024-01-01 10:00:00,2024-05-01 08:00:00
SET-0219,COMP-0022,LowStockAlert,10,Low stock alert threshold,2024-01-01 10:00:00,2024-05-01 08:00:00
SET-0220,COMP-0022,EmailNotifications,TRUE,Email notifications enabled,2024-01-01 10:00:00,2024-05-01 08:00:00
SET-0221,COMP-0023,CompanyName,Company 0023,Company display name,2024-01-01 10:00:00,2024-05-01 08:00:00
SET-0222,COMP-0023,GSTNumber,27ABCD1234E1Z5,GST registration number,2024-01-01 10:00:00,2024-05-01 08:00:00
SET-0223,COMP-0023,PANNumber,ABCD1234E,PAN number,2024-01-01 10:00:00,2024-05-01 08:00:00
SET-0224,COMP-0023,FinancialYearStart,2024-04-01,Financial year start date,2024-01-01 10:00:00,2024-05-01 08:00:00
SET-0225,COMP-0023,FinancialYearEnd,2025-03-31,Financial year end date,2024-01-01 10:00:00,2024-05-01 08:00:00
SET-0226,COMP-0023,CurrencySymbol,INR,Currency symbol,2024-01-01 10:00:00,2024-05-01 08:00:00
SET-0227,COMP-0023,DateFormat,DD-MM-YYYY,Date format preference,2024-01-01 10:00:00,2024-05-01 08:00:00
SET-0228,COMP-0023,TaxRate,18,Default tax rate,2024-01-01 10:00:00,2024-05-01 08:00:00
SET-0229,COMP-0023,LowStockAlert,10,Low stock alert threshold,2024-01-01 10:00:00,2024-05-01 08:00:00
SET-0230,COMP-0023,EmailNotifications,TRUE,Email notifications enabled,2024-01-01 10:00:00,2024-05-01 08:00:00
SET-0231,COMP-0024,CompanyName,Company 0024,Company display name,2024-01-01 10:00:00,2024-05-01 08:00:00
SET-0232,COMP-0024,GSTNumber,27ABCD1234E1Z5,GST registration number,2024-01-01 10:00:00,2024-05-01 08:00:00
SET-0233,COMP-0024,PANNumber,ABCD1234E,PAN number,2024-01-01 10:00:00,2024-05-01 08:00:00
SET-0234,COMP-0024,FinancialYearStart,2024-04-01,Financial year start date,2024-01-01 10:00:00,2024-05-01 08:00:00
SET-0235,COMP-0024,FinancialYearEnd,2025-03-31,Financial year end date,2024-01-01 10:00:00,2024-05-01 08:00:00
SET-0236,COMP-0024,CurrencySymbol,INR,Currency symbol,2024-01-01 10:00:00,2024-05-01 08:00:00
SET-0237,COMP-0024,DateFormat,DD-MM-YYYY,Date format preference,2024-01-01 10:00:00,2024-05-01 08:00:00
SET-0238,COMP-0024,TaxRate,18,Default tax rate,2024-01-01 10:00:00,2024-05-01 08:00:00
SET-0239,COMP-0024,LowStockAlert,10,Low stock alert threshold,2024-01-01 10:00:00,2024-05-01 08:00:00
SET-0240,COMP-0024,EmailNotifications,TRUE,Email notifications enabled,2024-01-01 10:00:00,2024-05-01 08:00:00
SET-0241,COMP-0025,CompanyName,Company 0025,Company display name,2024-01-01 10:00:00,2024-05-01 08:00:00
SET-0242,COMP-0025,GSTNumber,27ABCD1234E1Z5,GST registration number,2024-01-01 10:00:00,2024-05-01 08:00:00
SET-0243,COMP-0025,PANNumber,ABCD1234E,PAN number,2024-01-01 10:00:00,2024-05-01 08:00:00
SET-0244,COMP-0025,FinancialYearStart,2024-04-01,Financial year start date,2024-01-01 10:00:00,2024-05-01 08:00:00
SET-0245,COMP-0025,FinancialYearEnd,2025-03-31,Financial year end date,2024-01-01 10:00:00,2024-05-01 08:00:00
SET-0246,COMP-0025,CurrencySymbol,INR,Currency symbol,2024-01-01 10:00:00,2024-05-01 08:00:00
SET-0247,COMP-0025,DateFormat,DD-MM-YYYY,Date format preference,2024-01-01 10:00:00,2024-05-01 08:00:00
SET-0248,COMP-0025,TaxRate,18,Default tax rate,2024-01-01 10:00:00,2024-05-01 08:00:00
SET-0249,COMP-0025,LowStockAlert,10,Low stock alert threshold,2024-01-01 10:00:00,2024-05-01 08:00:00
SET-0250,COMP-0025,EmailNotifications,TRUE,Email notifications enabled,2024-01-01 10:00:00,2024-05-01 08:00:00
SET-0251,COMP-0026,CompanyName,Company 0026,Company display name,2024-01-01 10:00:00,2024-05-01 08:00:00
SET-0252,COMP-0026,GSTNumber,27ABCD1234E1Z5,GST registration number,2024-01-01 10:00:00,2024-05-01 08:00:00
SET-0253,COMP-0026,PANNumber,ABCD1234E,PAN number,2024-01-01 10:00:00,2024-05-01 08:00:00
SET-0254,COMP-0026,FinancialYearStart,2024-04-01,Financial year start date,2024-01-01 10:00:00,2024-05-01 08:00:00
SET-0255,COMP-0026,FinancialYearEnd,2025-03-31,Financial year end date,2024-01-01 10:00:00,2024-05-01 08:00:00
SET-0256,COMP-0026,CurrencySymbol,INR,Currency symbol,2024-01-01 10:00:00,2024-05-01 08:00:00
SET-0257,COMP-0026,DateFormat,DD-MM-YYYY,Date format preference,2024-01-01 10:00:00,2024-05-01 08:00:00
SET-0258,COMP-0026,TaxRate,18,Default tax rate,2024-01-01 10:00:00,2024-05-01 08:00:00
SET-0259,COMP-0026,LowStockAlert,10,Low stock alert threshold,2024-01-01 10:00:00,2024-05-01 08:00:00
SET-0260,COMP-0026,EmailNotifications,TRUE,Email notifications enabled,2024-01-01 10:00:00,2024-05-01 08:00:00
SET-0261,COMP-0027,CompanyName,Company 0027,Company display name,2024-01-01 10:00:00,2024-05-01 08:00:00
SET-0262,COMP-0027,GSTNumber,27ABCD1234E1Z5,GST registration number,2024-01-01 10:00:00,2024-05-01 08:00:00
SET-0263,COMP-0027,PANNumber,ABCD1234E,PAN number,2024-01-01 10:00:00,2024-05-01 08:00:00
SET-0264,COMP-0027,FinancialYearStart,2024-04-01,Financial year start date,2024-01-01 10:00:00,2024-05-01 08:00:00
SET-0265,COMP-0027,FinancialYearEnd,2025-03-31,Financial year end date,2024-01-01 10:00:00,2024-05-01 08:00:00
SET-0266,COMP-0027,CurrencySymbol,INR,Currency symbol,2024-01-01 10:00:00,2024-05-01 08:00:00
SET-0267,COMP-0027,DateFormat,DD-MM-YYYY,Date format preference,2024-01-01 10:00:00,2024-05-01 08:00:00
SET-0268,COMP-0027,TaxRate,18,Default tax rate,2024-01-01 10:00:00,2024-05-01 08:00:00
SET-0269,COMP-0027,LowStockAlert,10,Low stock alert threshold,2024-01-01 10:00:00,2024-05-01 08:00:00
SET-0270,COMP-0027,EmailNotifications,TRUE,Email notifications enabled,2024-01-01 10:00:00,2024-05-01 08:00:00
SET-0271,COMP-0028,CompanyName,Company 0028,Company display name,2024-01-01 10:00:00,2024-05-01 08:00:00
SET-0272,COMP-0028,GSTNumber,27ABCD1234E1Z5,GST registration number,2024-01-01 10:00:00,2024-05-01 08:00:00
SET-0273,COMP-0028,PANNumber,ABCD1234E,PAN number,2024-01-01 10:00:00,2024-05-01 08:00:00
SET-0274,COMP-0028,FinancialYearStart,2024-04-01,Financial year start date,2024-01-01 10:00:00,2024-05-01 08:00:00
SET-0275,COMP-0028,FinancialYearEnd,2025-03-31,Financial year end date,2024-01-01 10:00:00,2024-05-01 08:00:00
SET-0276,COMP-0028,CurrencySymbol,INR,Currency symbol,2024-01-01 10:00:00,2024-05-01 08:00:00
SET-0277,COMP-0028,DateFormat,DD-MM-YYYY,Date format preference,2024-01-01 10:00:00,2024-05-01 08:00:00
SET-0278,COMP-0028,TaxRate,18,Default tax rate,2024-01-01 10:00:00,2024-05-01 08:00:00
SET-0279,COMP-0028,LowStockAlert,10,Low stock alert threshold,2024-01-01 10:00:00,2024-05-01 08:00:00
SET-0280,COMP-0028,EmailNotifications,TRUE,Email notifications enabled,2024-01-01 10:00:00,2024-05-01 08:00:00
SET-0281,COMP-0029,CompanyName,Company 0029,Company display name,2024-01-01 10:00:00,2024-05-01 08:00:00
SET-0282,COMP-0029,GSTNumber,27ABCD1234E1Z5,GST registration number,2024-01-01 10:00:00,2024-05-01 08:00:00
SET-0283,COMP-0029,PANNumber,ABCD1234E,PAN number,2024-01-01 10:00:00,2024-05-01 08:00:00
SET-0284,COMP-0029,FinancialYearStart,2024-04-01,Financial year start date,2024-01-01 10:00:00,2024-05-01 08:00:00
SET-0285,COMP-0029,FinancialYearEnd,2025-03-31,Financial year end date,2024-01-01 10:00:00,2024-05-01 08:00:00
SET-0286,COMP-0029,CurrencySymbol,INR,Currency symbol,2024-01-01 10:00:00,2024-05-01 08:00:00
SET-0287,COMP-0029,DateFormat,DD-MM-YYYY,Date format preference,2024-01-01 10:00:00,2024-05-01 08:00:00
SET-0288,COMP-0029,TaxRate,18,Default tax rate,2024-01-01 10:00:00,2024-05-01 08:00:00
SET-0289,COMP-0029,LowStockAlert,10,Low stock alert threshold,2024-01-01 10:00:00,2024-05-01 08:00:00
SET-0290,COMP-0029,EmailNotifications,TRUE,Email notifications enabled,2024-01-01 10:00:00,2024-05-01 08:00:00
SET-0291,COMP-0030,CompanyName,Company 0030,Company display name,2024-01-01 10:00:00,2024-05-01 08:00:00
SET-0292,COMP-0030,GSTNumber,27ABCD1234E1Z5,GST registration number,2024-01-01 10:00:00,2024-05-01 08:00:00
SET-0293,COMP-0030,PANNumber,ABCD1234E,PAN number,2024-01-01 10:00:00,2024-05-01 08:00:00
SET-0294,COMP-0030,FinancialYearStart,2024-04-01,Financial year start date,2024-01-01 10:00:00,2024-05-01 08:00:00
SET-0295,COMP-0030,FinancialYearEnd,2025-03-31,Financial year end date,2024-01-01 10:00:00,2024-05-01 08:00:00
SET-0296,COMP-0030,CurrencySymbol,INR,Currency symbol,2024-01-01 10:00:00,2024-05-01 08:00:00
SET-0297,COMP-0030,DateFormat,DD-MM-YYYY,Date format preference,2024-01-01 10:00:00,2024-05-01 08:00:00
SET-0298,COMP-0030,TaxRate,18,Default tax rate,2024-01-01 10:00:00,2024-05-01 08:00:00
SET-0299,COMP-0030,LowStockAlert,10,Low stock alert threshold,2024-01-01 10:00:00,2024-05-01 08:00:00
SET-0300,COMP-0030,EmailNotifications,TRUE,Email notifications enabled,2024-01-01 10:00:00,2024-05-01 08:00:00
SET-0301,COMP-0031,CompanyName,Company 0031,Company display name,2024-01-01 10:00:00,2024-05-01 08:00:00
SET-0302,COMP-0031,GSTNumber,27ABCD1234E1Z5,GST registration number,2024-01-01 10:00:00,2024-05-01 08:00:00
SET-0303,COMP-0031,PANNumber,ABCD1234E,PAN number,2024-01-01 10:00:00,2024-05-01 08:00:00
SET-0304,COMP-0031,FinancialYearStart,2024-04-01,Financial year start date,2024-01-01 10:00:00,2024-05-01 08:00:00
SET-0305,COMP-0031,FinancialYearEnd,2025-03-31,Financial year end date,2024-01-01 10:00:00,2024-05-01 08:00:00
SET-0306,COMP-0031,CurrencySymbol,INR,Currency symbol,2024-01-01 10:00:00,2024-05-01 08:00:00
SET-0307,COMP-0031,DateFormat,DD-MM-YYYY,Date format preference,2024-01-01 10:00:00,2024-05-01 08:00:00
SET-0308,COMP-0031,TaxRate,18,Default tax rate,2024-01-01 10:00:00,2024-05-01 08:00:00
SET-0309,COMP-0031,LowStockAlert,10,Low stock alert threshold,2024-01-01 10:00:00,2024-05-01 08:00:00
SET-0310,COMP-0031,EmailNotifications,TRUE,Email notifications enabled,2024-01-01 10:00:00,2024-05-01 08:00:00
SET-0311,COMP-0032,CompanyName,Company 0032,Company display name,2024-01-01 10:00:00,2024-05-01 08:00:00
SET-0312,COMP-0032,GSTNumber,27ABCD1234E1Z5,GST registration number,2024-01-01 10:00:00,2024-05-01 08:00:00
SET-0313,COMP-0032,PANNumber,ABCD1234E,PAN number,2024-01-01 10:00:00,2024-05-01 08:00:00
SET-0314,COMP-0032,FinancialYearStart,2024-04-01,Financial year start date,2024-01-01 10:00:00,2024-05-01 08:00:00
SET-0315,COMP-0032,FinancialYearEnd,2025-03-31,Financial year end date,2024-01-01 10:00:00,2024-05-01 08:00:00
SET-0316,COMP-0032,CurrencySymbol,INR,Currency symbol,2024-01-01 10:00:00,2024-05-01 08:00:00
SET-0317,COMP-0032,DateFormat,DD-MM-YYYY,Date format preference,2024-01-01 10:00:00,2024-05-01 08:00:00
SET-0318,COMP-0032,TaxRate,18,Default tax rate,2024-01-01 10:00:00,2024-05-01 08:00:00
SET-0319,COMP-0032,LowStockAlert,10,Low stock alert threshold,2024-01-01 10:00:00,2024-05-01 08:00:00
SET-0320,COMP-0032,EmailNotifications,TRUE,Email notifications enabled,2024-01-01 10:00:00,2024-05-01 08:00:00
SET-0321,COMP-0033,CompanyName,Company 0033,Company display name,2024-01-01 10:00:00,2024-05-01 08:00:00
SET-0322,COMP-0033,GSTNumber,27ABCD1234E1Z5,GST registration number,2024-01-01 10:00:00,2024-05-01 08:00:00
SET-0323,COMP-0033,PANNumber,ABCD1234E,PAN number,2024-01-01 10:00:00,2024-05-01 08:00:00
SET-0324,COMP-0033,FinancialYearStart,2024-04-01,Financial year start date,2024-01-01 10:00:00,2024-05-01 08:00:00
SET-0325,COMP-0033,FinancialYearEnd,2025-03-31,Financial year end date,2024-01-01 10:00:00,2024-05-01 08:00:00
SET-0326,COMP-0033,CurrencySymbol,INR,Currency symbol,2024-01-01 10:00:00,2024-05-01 08:00:00
SET-0327,COMP-0033,DateFormat,DD-MM-YYYY,Date format preference,2024-01-01 10:00:00,2024-05-01 08:00:00
SET-0328,COMP-0033,TaxRate,18,Default tax rate,2024-01-01 10:00:00,2024-05-01 08:00:00
SET-0329,COMP-0033,LowStockAlert,10,Low stock alert threshold,2024-01-01 10:00:00,2024-05-01 08:00:00
SET-0330,COMP-0033,EmailNotifications,TRUE,Email notifications enabled,2024-01-01 10:00:00,2024-05-01 08:00:00
SET-0331,COMP-0034,CompanyName,Company 0034,Company display name,2024-01-01 10:00:00,2024-05-01 08:00:00
SET-0332,COMP-0034,GSTNumber,27ABCD1234E1Z5,GST registration number,2024-01-01 10:00:00,2024-05-01 08:00:00
SET-0333,COMP-0034,PANNumber,ABCD1234E,PAN number,2024-01-01 10:00:00,2024-05-01 08:00:00
SET-0334,COMP-0034,FinancialYearStart,2024-04-01,Financial year start date,2024-01-01 10:00:00,2024-05-01 08:00:00
SET-0335,COMP-0034,FinancialYearEnd,2025-03-31,Financial year end date,2024-01-01 10:00:00,2024-05-01 08:00:00
SET-0336,COMP-0034,CurrencySymbol,INR,Currency symbol,2024-01-01 10:00:00,2024-05-01 08:00:00
SET-0337,COMP-0034,DateFormat,DD-MM-YYYY,Date format preference,2024-01-01 10:00:00,2024-05-01 08:00:00
SET-0338,COMP-0034,TaxRate,18,Default tax rate,2024-01-01 10:00:00,2024-05-01 08:00:00
SET-0339,COMP-0034,LowStockAlert,10,Low stock alert threshold,2024-01-01 10:00:00,2024-05-01 08:00:00
SET-0340,COMP-0034,EmailNotifications,TRUE,Email notifications enabled,2024-01-01 10:00:00,2024-05-01 08:00:00
SET-0341,COMP-0035,CompanyName,Company 0035,Company display name,2024-01-01 10:00:00,2024-05-01 08:00:00
SET-0342,COMP-0035,GSTNumber,27ABCD1234E1Z5,GST registration number,2024-01-01 10:00:00,2024-05-01 08:00:00
SET-0343,COMP-0035,PANNumber,ABCD1234E,PAN number,2024-01-01 10:00:00,2024-05-01 08:00:00
SET-0344,COMP-0035,FinancialYearStart,2024-04-01,Financial year start date,2024-01-01 10:00:00,2024-05-01 08:00:00
SET-0345,COMP-0035,FinancialYearEnd,2025-03-31,Financial year end date,2024-01-01 10:00:00,2024-05-01 08:00:00
SET-0346,COMP-0035,CurrencySymbol,INR,Currency symbol,2024-01-01 10:00:00,2024-05-01 08:00:00
SET-0347,COMP-0035,DateFormat,DD-MM-YYYY,Date format preference,2024-01-01 10:00:00,2024-05-01 08:00:00
SET-0348,COMP-0035,TaxRate,18,Default tax rate,2024-01-01 10:00:00,2024-05-01 08:00:00
SET-0349,COMP-0035,LowStockAlert,10,Low stock alert threshold,2024-01-01 10:00:00,2024-05-01 08:00:00
SET-0350,COMP-0035,EmailNotifications,TRUE,Email notifications enabled,2024-01-01 10:00:00,2024-05-01 08:00:00
SET-0351,COMP-0036,CompanyName,Company 0036,Company display name,2024-01-01 10:00:00,2024-05-01 08:00:00
SET-0352,COMP-0036,GSTNumber,27ABCD1234E1Z5,GST registration number,2024-01-01 10:00:00,2024-05-01 08:00:00
SET-0353,COMP-0036,PANNumber,ABCD1234E,PAN number,2024-01-01 10:00:00,2024-05-01 08:00:00
SET-0354,COMP-0036,FinancialYearStart,2024-04-01,Financial year start date,2024-01-01 10:00:00,2024-05-01 08:00:00
SET-0355,COMP-0036,FinancialYearEnd,2025-03-31,Financial year end date,2024-01-01 10:00:00,2024-05-01 08:00:00
SET-0356,COMP-0036,CurrencySymbol,INR,Currency symbol,2024-01-01 10:00:00,2024-05-01 08:00:00
SET-0357,COMP-0036,DateFormat,DD-MM-YYYY,Date format preference,2024-01-01 10:00:00,2024-05-01 08:00:00
SET-0358,COMP-0036,TaxRate,18,Default tax rate,2024-01-01 10:00:00,2024-05-01 08:00:00
SET-0359,COMP-0036,LowStockAlert,10,Low stock alert threshold,2024-01-01 10:00:00,2024-05-01 08:00:00
SET-0360,COMP-0036,EmailNotifications,TRUE,Email notifications enabled,2024-01-01 10:00:00,2024-05-01 08:00:00
SET-0361,COMP-0037,CompanyName,Company 0037,Company display name,2024-01-01 10:00:00,2024-05-01 08:00:00
SET-0362,COMP-0037,GSTNumber,27ABCD1234E1Z5,GST registration number,2024-01-01 10:00:00,2024-05-01 08:00:00
SET-0363,COMP-0037,PANNumber,ABCD1234E,PAN number,2024-01-01 10:00:00,2024-05-01 08:00:00
SET-0364,COMP-0037,FinancialYearStart,2024-04-01,Financial year start date,2024-01-01 10:00:00,2024-05-01 08:00:00
SET-0365,COMP-0037,FinancialYearEnd,2025-03-31,Financial year end date,2024-01-01 10:00:00,2024-05-01 08:00:00
SET-0366,COMP-0037,CurrencySymbol,INR,Currency symbol,2024-01-01 10:00:00,2024-05-01 08:00:00
SET-0367,COMP-0037,DateFormat,DD-MM-YYYY,Date format preference,2024-01-01 10:00:00,2024-05-01 08:00:00
SET-0368,COMP-0037,TaxRate,18,Default tax rate,2024-01-01 10:00:00,2024-05-01 08:00:00
SET-0369,COMP-0037,LowStockAlert,10,Low stock alert threshold,2024-01-01 10:00:00,2024-05-01 08:00:00
SET-0370,COMP-0037,EmailNotifications,TRUE,Email notifications enabled,2024-01-01 10:00:00,2024-05-01 08:00:00
SET-0371,COMP-0038,CompanyName,Company 0038,Company display name,2024-01-01 10:00:00,2024-05-01 08:00:00
SET-0372,COMP-0038,GSTNumber,27ABCD1234E1Z5,GST registration number,2024-01-01 10:00:00,2024-05-01 08:00:00
SET-0373,COMP-0038,PANNumber,ABCD1234E,PAN number,2024-01-01 10:00:00,2024-05-01 08:00:00
SET-0374,COMP-0038,FinancialYearStart,2024-04-01,Financial year start date,2024-01-01 10:00:00,2024-05-01 08:00:00
SET-0375,COMP-0038,FinancialYearEnd,2025-03-31,Financial year end date,2024-01-01 10:00:00,2024-05-01 08:00:00
SET-0376,COMP-0038,CurrencySymbol,INR,Currency symbol,2024-01-01 10:00:00,2024-05-01 08:00:00
SET-0377,COMP-0038,DateFormat,DD-MM-YYYY,Date format preference,2024-01-01 10:00:00,2024-05-01 08:00:00
SET-0378,COMP-0038,TaxRate,18,Default tax rate,2024-01-01 10:00:00,2024-05-01 08:00:00
SET-0379,COMP-0038,LowStockAlert,10,Low stock alert threshold,2024-01-01 10:00:00,2024-05-01 08:00:00
SET-0380,COMP-0038,EmailNotifications,TRUE,Email notifications enabled,2024-01-01 10:00:00,2024-05-01 08:00:00
SET-0381,COMP-0039,CompanyName,Company 0039,Company display name,2024-01-01 10:00:00,2024-05-01 08:00:00
SET-0382,COMP-0039,GSTNumber,27ABCD1234E1Z5,GST registration number,2024-01-01 10:00:00,2024-05-01 08:00:00
SET-0383,COMP-0039,PANNumber,ABCD1234E,PAN number,2024-01-01 10:00:00,2024-05-01 08:00:00
SET-0384,COMP-0039,FinancialYearStart,2024-04-01,Financial year start date,2024-01-01 10:00:00,2024-05-01 08:00:00
SET-0385,COMP-0039,FinancialYearEnd,2025-03-31,Financial year end date,2024-01-01 10:00:00,2024-05-01 08:00:00
SET-0386,COMP-0039,CurrencySymbol,INR,Currency symbol,2024-01-01 10:00:00,2024-05-01 08:00:00
SET-0387,COMP-0039,DateFormat,DD-MM-YYYY,Date format preference,2024-01-01 10:00:00,2024-05-01 08:00:00
SET-0388,COMP-0039,TaxRate,18,Default tax rate,2024-01-01 10:00:00,2024-05-01 08:00:00
SET-0389,COMP-0039,LowStockAlert,10,Low stock alert threshold,2024-01-01 10:00:00,2024-05-01 08:00:00
SET-0390,COMP-0039,EmailNotifications,TRUE,Email notifications enabled,2024-01-01 10:00:00,2024-05-01 08:00:00
SET-0391,COMP-0040,CompanyName,Company 0040,Company display name,2024-01-01 10:00:00,2024-05-01 08:00:00
SET-0392,COMP-0040,GSTNumber,27ABCD1234E1Z5,GST registration number,2024-01-01 10:00:00,2024-05-01 08:00:00
SET-0393,COMP-0040,PANNumber,ABCD1234E,PAN number,2024-01-01 10:00:00,2024-05-01 08:00:00
SET-0394,COMP-0040,FinancialYearStart,2024-04-01,Financial year start date,2024-01-01 10:00:00,2024-05-01 08:00:00
SET-0395,COMP-0040,FinancialYearEnd,2025-03-31,Financial year end date,2024-01-01 10:00:00,2024-05-01 08:00:00
SET-0396,COMP-0040,CurrencySymbol,INR,Currency symbol,2024-01-01 10:00:00,2024-05-01 08:00:00
SET-0397,COMP-0040,DateFormat,DD-MM-YYYY,Date format preference,2024-01-01 10:00:00,2024-05-01 08:00:00
SET-0398,COMP-0040,TaxRate,18,Default tax rate,2024-01-01 10:00:00,2024-05-01 08:00:00
SET-0399,COMP-0040,LowStockAlert,10,Low stock alert threshold,2024-01-01 10:00:00,2024-05-01 08:00:00
SET-0400,COMP-0040,EmailNotifications,TRUE,Email notifications enabled,2024-01-01 10:00:00,2024-05-01 08:00:00
SET-0401,COMP-0041,CompanyName,Company 0041,Company display name,2024-01-01 10:00:00,2024-05-01 08:00:00
SET-0402,COMP-0041,GSTNumber,27ABCD1234E1Z5,GST registration number,2024-01-01 10:00:00,2024-05-01 08:00:00
SET-0403,COMP-0041,PANNumber,ABCD1234E,PAN number,2024-01-01 10:00:00,2024-05-01 08:00:00
SET-0404,COMP-0041,FinancialYearStart,2024-04-01,Financial year start date,2024-01-01 10:00:00,2024-05-01 08:00:00
SET-0405,COMP-0041,FinancialYearEnd,2025-03-31,Financial year end date,2024-01-01 10:00:00,2024-05-01 08:00:00
SET-0406,COMP-0041,CurrencySymbol,INR,Currency symbol,2024-01-01 10:00:00,2024-05-01 08:00:00
SET-0407,COMP-0041,DateFormat,DD-MM-YYYY,Date format preference,2024-01-01 10:00:00,2024-05-01 08:00:00
SET-0408,COMP-0041,TaxRate,18,Default tax rate,2024-01-01 10:00:00,2024-05-01 08:00:00
SET-0409,COMP-0041,LowStockAlert,10,Low stock alert threshold,2024-01-01 10:00:00,2024-05-01 08:00:00
SET-0410,COMP-0041,EmailNotifications,TRUE,Email notifications enabled,2024-01-01 10:00:00,2024-05-01 08:00:00
SET-0411,COMP-0042,CompanyName,Company 0042,Company display name,2024-01-01 10:00:00,2024-05-01 08:00:00
SET-0412,COMP-0042,GSTNumber,27ABCD1234E1Z5,GST registration number,2024-01-01 10:00:00,2024-05-01 08:00:00
SET-0413,COMP-0042,PANNumber,ABCD1234E,PAN number,2024-01-01 10:00:00,2024-05-01 08:00:00
SET-0414,COMP-0042,FinancialYearStart,2024-04-01,Financial year start date,2024-01-01 10:00:00,2024-05-01 08:00:00
SET-0415,COMP-0042,FinancialYearEnd,2025-03-31,Financial year end date,2024-01-01 10:00:00,2024-05-01 08:00:00
SET-0416,COMP-0042,CurrencySymbol,INR,Currency symbol,2024-01-01 10:00:00,2024-05-01 08:00:00
SET-0417,COMP-0042,DateFormat,DD-MM-YYYY,Date format preference,2024-01-01 10:00:00,2024-05-01 08:00:00
SET-0418,COMP-0042,TaxRate,18,Default tax rate,2024-01-01 10:00:00,2024-05-01 08:00:00
SET-0419,COMP-0042,LowStockAlert,10,Low stock alert threshold,2024-01-01 10:00:00,2024-05-01 08:00:00
SET-0420,COMP-0042,EmailNotifications,TRUE,Email notifications enabled,2024-01-01 10:00:00,2024-05-01 08:00:00
SET-0421,COMP-0043,CompanyName,Company 0043,Company display name,2024-01-01 10:00:00,2024-05-01 08:00:00
SET-0422,COMP-0043,GSTNumber,27ABCD1234E1Z5,GST registration number,2024-01-01 10:00:00,2024-05-01 08:00:00
SET-0423,COMP-0043,PANNumber,ABCD1234E,PAN number,2024-01-01 10:00:00,2024-05-01 08:00:00
SET-0424,COMP-0043,FinancialYearStart,2024-04-01,Financial year start date,2024-01-01 10:00:00,2024-05-01 08:00:00
SET-0425,COMP-0043,FinancialYearEnd,2025-03-31,Financial year end date,2024-01-01 10:00:00,2024-05-01 08:00:00
SET-0426,COMP-0043,CurrencySymbol,INR,Currency symbol,2024-01-01 10:00:00,2024-05-01 08:00:00
SET-0427,COMP-0043,DateFormat,DD-MM-YYYY,Date format preference,2024-01-01 10:00:00,2024-05-01 08:00:00
SET-0428,COMP-0043,TaxRate,18,Default tax rate,2024-01-01 10:00:00,2024-05-01 08:00:00
SET-0429,COMP-0043,LowStockAlert,10,Low stock alert threshold,2024-01-01 10:00:00,2024-05-01 08:00:00
SET-0430,COMP-0043,EmailNotifications,TRUE,Email notifications enabled,2024-01-01 10:00:00,2024-05-01 08:00:00
SET-0431,COMP-0044,CompanyName,Company 0044,Company display name,2024-01-01 10:00:00,2024-05-01 08:00:00
SET-0432,COMP-0044,GSTNumber,27ABCD1234E1Z5,GST registration number,2024-01-01 10:00:00,2024-05-01 08:00:00
SET-0433,COMP-0044,PANNumber,ABCD1234E,PAN number,2024-01-01 10:00:00,2024-05-01 08:00:00
SET-0434,COMP-0044,FinancialYearStart,2024-04-01,Financial year start date,2024-01-01 10:00:00,2024-05-01 08:00:00
SET-0435,COMP-0044,FinancialYearEnd,2025-03-31,Financial year end date,2024-01-01 10:00:00,2024-05-01 08:00:00
SET-0436,COMP-0044,CurrencySymbol,INR,Currency symbol,2024-01-01 10:00:00,2024-05-01 08:00:00
SET-0437,COMP-0044,DateFormat,DD-MM-YYYY,Date format preference,2024-01-01 10:00:00,2024-05-01 08:00:00
SET-0438,COMP-0044,TaxRate,18,Default tax rate,2024-01-01 10:00:00,2024-05-01 08:00:00
SET-0439,COMP-0044,LowStockAlert,10,Low stock alert threshold,2024-01-01 10:00:00,2024-05-01 08:00:00
SET-0440,COMP-0044,EmailNotifications,TRUE,Email notifications enabled,2024-01-01 10:00:00,2024-05-01 08:00:00
SET-0441,COMP-0045,CompanyName,Company 0045,Company display name,2024-01-01 10:00:00,2024-05-01 08:00:00
SET-0442,COMP-0045,GSTNumber,27ABCD1234E1Z5,GST registration number,2024-01-01 10:00:00,2024-05-01 08:00:00
SET-0443,COMP-0045,PANNumber,ABCD1234E,PAN number,2024-01-01 10:00:00,2024-05-01 08:00:00
SET-0444,COMP-0045,FinancialYearStart,2024-04-01,Financial year start date,2024-01-01 10:00:00,2024-05-01 08:00:00
SET-0445,COMP-0045,FinancialYearEnd,2025-03-31,Financial year end date,2024-01-01 10:00:00,2024-05-01 08:00:00
SET-0446,COMP-0045,CurrencySymbol,INR,Currency symbol,2024-01-01 10:00:00,2024-05-01 08:00:00
SET-0447,COMP-0045,DateFormat,DD-MM-YYYY,Date format preference,2024-01-01 10:00:00,2024-05-01 08:00:00
SET-0448,COMP-0045,TaxRate,18,Default tax rate,2024-01-01 10:00:00,2024-05-01 08:00:00
SET-0449,COMP-0045,LowStockAlert,10,Low stock alert threshold,2024-01-01 10:00:00,2024-05-01 08:00:00
SET-0450,COMP-0045,EmailNotifications,TRUE,Email notifications enabled,2024-01-01 10:00:00,2024-05-01 08:00:00
SET-0451,COMP-0046,CompanyName,Company 0046,Company display name,2024-01-01 10:00:00,2024-05-01 08:00:00
SET-0452,COMP-0046,GSTNumber,27ABCD1234E1Z5,GST registration number,2024-01-01 10:00:00,2024-05-01 08:00:00
SET-0453,COMP-0046,PANNumber,ABCD1234E,PAN number,2024-01-01 10:00:00,2024-05-01 08:00:00
SET-0454,COMP-0046,FinancialYearStart,2024-04-01,Financial year start date,2024-01-01 10:00:00,2024-05-01 08:00:00
SET-0455,COMP-0046,FinancialYearEnd,2025-03-31,Financial year end date,2024-01-01 10:00:00,2024-05-01 08:00:00
SET-0456,COMP-0046,CurrencySymbol,INR,Currency symbol,2024-01-01 10:00:00,2024-05-01 08:00:00
SET-0457,COMP-0046,DateFormat,DD-MM-YYYY,Date format preference,2024-01-01 10:00:00,2024-05-01 08:00:00
SET-0458,COMP-0046,TaxRate,18,Default tax rate,2024-01-01 10:00:00,2024-05-01 08:00:00
SET-0459,COMP-0046,LowStockAlert,10,Low stock alert threshold,2024-01-01 10:00:00,2024-05-01 08:00:00
SET-0460,COMP-0046,EmailNotifications,TRUE,Email notifications enabled,2024-01-01 10:00:00,2024-05-01 08:00:00
SET-0461,COMP-0047,CompanyName,Company 0047,Company display name,2024-01-01 10:00:00,2024-05-01 08:00:00
SET-0462,COMP-0047,GSTNumber,27ABCD1234E1Z5,GST registration number,2024-01-01 10:00:00,2024-05-01 08:00:00
SET-0463,COMP-0047,PANNumber,ABCD1234E,PAN number,2024-01-01 10:00:00,2024-05-01 08:00:00
SET-0464,COMP-0047,FinancialYearStart,2024-04-01,Financial year start date,2024-01-01 10:00:00,2024-05-01 08:00:00
SET-0465,COMP-0047,FinancialYearEnd,2025-03-31,Financial year end date,2024-01-01 10:00:00,2024-05-01 08:00:00
SET-0466,COMP-0047,CurrencySymbol,INR,Currency symbol,2024-01-01 10:00:00,2024-05-01 08:00:00
SET-0467,COMP-0047,DateFormat,DD-MM-YYYY,Date format preference,2024-01-01 10:00:00,2024-05-01 08:00:00
SET-0468,COMP-0047,TaxRate,18,Default tax rate,2024-01-01 10:00:00,2024-05-01 08:00:00
SET-0469,COMP-0047,LowStockAlert,10,Low stock alert threshold,2024-01-01 10:00:00,2024-05-01 08:00:00
SET-0470,COMP-0047,EmailNotifications,TRUE,Email notifications enabled,2024-01-01 10:00:00,2024-05-01 08:00:00
SET-0471,COMP-0048,CompanyName,Company 0048,Company display name,2024-01-01 10:00:00,2024-05-01 08:00:00
SET-0472,COMP-0048,GSTNumber,27ABCD1234E1Z5,GST registration number,2024-01-01 10:00:00,2024-05-01 08:00:00
SET-0473,COMP-0048,PANNumber,ABCD1234E,PAN number,2024-01-01 10:00:00,2024-05-01 08:00:00
SET-0474,COMP-0048,FinancialYearStart,2024-04-01,Financial year start date,2024-01-01 10:00:00,2024-05-01 08:00:00
SET-0475,COMP-0048,FinancialYearEnd,2025-03-31,Financial year end date,2024-01-01 10:00:00,2024-05-01 08:00:00
SET-0476,COMP-0048,CurrencySymbol,INR,Currency symbol,2024-01-01 10:00:00,2024-05-01 08:00:00
SET-0477,COMP-0048,DateFormat,DD-MM-YYYY,Date format preference,2024-01-01 10:00:00,2024-05-01 08:00:00
SET-0478,COMP-0048,TaxRate,18,Default tax rate,2024-01-01 10:00:00,2024-05-01 08:00:00
SET-0479,COMP-0048,LowStockAlert,10,Low stock alert threshold,2024-01-01 10:00:00,2024-05-01 08:00:00
SET-0480,COMP-0048,EmailNotifications,TRUE,Email notifications enabled,2024-01-01 10:00:00,2024-05-01 08:00:00
SET-0481,COMP-0049,CompanyName,Company 0049,Company display name,2024-01-01 10:00:00,2024-05-01 08:00:00
SET-0482,COMP-0049,GSTNumber,27ABCD1234E1Z5,GST registration number,2024-01-01 10:00:00,2024-05-01 08:00:00
SET-0483,COMP-0049,PANNumber,ABCD1234E,PAN number,2024-01-01 10:00:00,2024-05-01 08:00:00
SET-0484,COMP-0049,FinancialYearStart,2024-04-01,Financial year start date,2024-01-01 10:00:00,2024-05-01 08:00:00
SET-0485,COMP-0049,FinancialYearEnd,2025-03-31,Financial year end date,2024-01-01 10:00:00,2024-05-01 08:00:00
SET-0486,COMP-0049,CurrencySymbol,INR,Currency symbol,2024-01-01 10:00:00,2024-05-01 08:00:00
SET-0487,COMP-0049,DateFormat,DD-MM-YYYY,Date format preference,2024-01-01 10:00:00,2024-05-01 08:00:00
SET-0488,COMP-0049,TaxRate,18,Default tax rate,2024-01-01 10:00:00,2024-05-01 08:00:00
SET-0489,COMP-0049,LowStockAlert,10,Low stock alert threshold,2024-01-01 10:00:00,2024-05-01 08:00:00
SET-0490,COMP-0049,EmailNotifications,TRUE,Email notifications enabled,2024-01-01 10:00:00,2024-05-01 08:00:00
SET-0491,COMP-0050,CompanyName,Company 0050,Company display name,2024-01-01 10:00:00,2024-05-01 08:00:00
SET-0492,COMP-0050,GSTNumber,27ABCD1234E1Z5,GST registration number,2024-01-01 10:00:00,2024-05-01 08:00:00
SET-0493,COMP-0050,PANNumber,ABCD1234E,PAN number,2024-01-01 10:00:00,2024-05-01 08:00:00
SET-0494,COMP-0050,FinancialYearStart,2024-04-01,Financial year start date,2024-01-01 10:00:00,2024-05-01 08:00:00
SET-0495,COMP-0050,FinancialYearEnd,2025-03-31,Financial year end date,2024-01-01 10:00:00,2024-05-01 08:00:00
SET-0496,COMP-0050,CurrencySymbol,INR,Currency symbol,2024-01-01 10:00:00,2024-05-01 08:00:00
SET-0497,COMP-0050,DateFormat,DD-MM-YYYY,Date format preference,2024-01-01 10:00:00,2024-05-01 08:00:00
SET-0498,COMP-0050,TaxRate,18,Default tax rate,2024-01-01 10:00:00,2024-05-01 08:00:00
SET-0499,COMP-0050,LowStockAlert,10,Low stock alert threshold,2024-01-01 10:00:00,2024-05-01 08:00:00
SET-0500,COMP-0050,EmailNotifications,TRUE,Email notifications enabled,2024-01-01 10:00:00,2024-05-01 08:00:00
